FestivalId,Name,City,Capacity,Status,HasCamp,DateOfStart,DateOfEnd
1,agolsworthy0,Bechyně,97948,planned,false,2026-09-24,2026-09-29
2,ihenzley1,Shuigou,58114,active,true,2026-06-16,2026-06-22
3,zmatzen2,Sendangrejo,41648,completed,false,2027-04-09,2027-04-10
4,calberti3,Permas,44966,completed,true,2025-07-20,2025-07-22
5,jdanielou4,Jaroměřice,13746,planned,false,2027-01-12,2027-01-16
6,sgilder5,Gaibei,87382,planned,false,2026-02-20,2026-02-27
7,mfulep6,Pambuhan,60356,completed,true,2026-09-12,2026-09-14
8,lbrehault7,San Antonio,90582,planned,true,2026-06-05,2026-06-12
9,jvowells8,Zhoinda,70955,active,true,2028-11-18,2028-11-21
10,wmotto9,Hartola,209,completed,true,2028-09-29,2028-10-03
11,ppashbaa,Genisséa,46087,planned,true,2026-04-22,2026-04-26
12,fhemsteadb,Tucson,59768,active,false,2025-12-26,2025-12-31
13,psthillc,Panaoti,39014,completed,true,2027-02-14,2027-02-20
14,storrittid,Jieyang,90744,planned,true,2028-04-06,2028-04-13
15,jbarnewillee,Dagang,27169,planned,false,2026-09-17,2026-09-24
16,mliklyf,Bolobo,64176,planned,false,2027-03-19,2027-03-23
17,cridehalghg,Nanyang,20094,planned,true,2026-05-16,2026-05-17
18,bblaslih,Bertoua,30541,completed,false,2025-06-10,2025-06-11
19,sstuchburyi,Pau,10272,active,true,2026-11-06,2026-11-11
20,choppnerj,Novosil’,61315,completed,true,2027-12-15,2027-12-21
21,rkarlikk,Lamoso,40748,active,true,2027-09-24,2027-09-25
22,bsollittl,Qianqiao,49789,active,true,2028-04-01,2028-04-04
23,usawlem,Paoay,25687,planned,true,2028-04-07,2028-04-09
24,apeckhamn,Pompano Beach,69327,active,false,2027-04-17,2027-04-19
25,mhoulto,Aimin,43026,completed,true,2027-02-25,2027-02-26
26,tuzellip,Spassk,99876,planned,false,2026-10-13,2026-10-20
27,jportigallq,Huaqiao,20835,completed,false,2027-08-17,2027-08-22
28,vbarkshirer,Roslavl’,13718,planned,false,2028-10-11,2028-10-17
29,avobess,Şaḩam,83823,active,true,2028-03-25,2028-03-27
30,jmacneilaget,Niba,95822,active,true,2025-05-04,2025-05-06
31,cpurveysu,Xinglong,90510,completed,false,2026-01-15,2026-01-18
32,ecapelingv,Paltashaco,94614,planned,true,2026-04-19,2026-04-25
33,rboristonw,Zhongdeng,17218,planned,true,2026-01-21,2026-01-26
34,sbrisardx,Patrocinio,65229,planned,true,2024-12-18,2024-12-25
35,yrichardy,Bratsigovo,75164,completed,true,2028-10-05,2028-10-08
36,adarrellz,Baolong,74299,completed,true,2025-03-22,2025-03-27
37,hrapport10,Pengulu,67010,active,false,2026-11-23,2026-11-26
38,lswinerd11,Douarnenez,39658,active,false,2026-01-01,2026-01-02
39,lsmalles12,Marne-la-Vallée,73952,completed,true,2027-04-13,2027-04-20
40,kbrixey13,Kudusan,36542,planned,true,2027-10-09,2027-10-13
41,mchasney14,Vale,66070,active,false,2027-03-05,2027-03-07
42,hormistone15,Vännäs,46782,planned,true,2027-05-28,2027-06-01
43,palsina16,Ledoy,48880,completed,true,2028-07-08,2028-07-09
44,pfarrears17,Một Ngàn,94974,completed,true,2027-08-07,2027-08-08
45,spanketh18,Mammari,97526,active,false,2028-11-27,2028-12-03
46,lsatyford19,Radovitskiy,86695,planned,false,2026-02-10,2026-02-14
47,bcrate1a,Ganpu,15050,planned,true,2025-01-29,2025-01-30
48,jtourle1b,Hwangju-ŭp,31982,planned,false,2025-11-22,2025-11-25
49,manthon1c,Izazi,3849,planned,false,2028-10-30,2028-11-05
50,amcerlaine1d,Ugljan,12338,planned,true,2026-07-27,2026-07-29
51,tclaringbold1e,Pulo,49800,planned,false,2028-01-22,2028-01-29
52,wfyfe1f,Vale de Figueira,49197,planned,false,2025-09-14,2025-09-18
53,fhegerty1g,Frutal,36684,active,false,2025-03-16,2025-03-17
54,rbramall1h,San Eugenio,27039,completed,true,2026-03-06,2026-03-12
55,lbuckland1i,Santa Cruz de Yojoa,7560,completed,false,2028-04-02,2028-04-06
56,dspendlove1j,Jingmao,10935,active,true,2026-10-16,2026-10-19
57,jcutting1k,Greenhills,35952,active,true,2028-11-27,2028-12-03
58,elanglois1l,Longping,89213,planned,true,2028-12-25,2028-12-28
59,kfarndon1m,Zhongxing,24256,planned,true,2025-03-13,2025-03-16
60,kcottisford1n,La Foa,23964,active,false,2028-05-07,2028-05-08
61,gkitley1o,Créteil,68104,active,true,2025-08-30,2025-08-31
62,dhuntress1p,Huntington,94771,completed,true,2028-08-22,2028-08-29
63,ktodor1q,Saint-Amand-les-Eaux,86976,completed,true,2025-11-26,2025-11-30
64,csweynson1r,Siemiątkowo,78005,completed,true,2025-04-23,2025-04-25
65,jfurman1s,Vila Nova,23229,planned,false,2025-04-18,2025-04-24
66,whanratty1t,Las Ánimas,50635,active,false,2028-10-26,2028-11-02
67,mbossingham1u,Shilibu,59122,planned,true,2027-10-08,2027-10-10
68,trobertelli1v,Amparafaravola,74775,planned,false,2028-07-17,2028-07-20
69,eschimaschke1w,Yalkhoy-Mokhk,5033,active,false,2028-12-01,2028-12-02
70,ggoodlake1x,Angus,17449,active,true,2026-03-30,2026-04-03
71,zdelaunde1y,Muesanaik,96193,planned,true,2028-10-28,2028-10-29
72,drowlings1z,Sarnia,77241,active,false,2028-04-21,2028-04-23
73,rscrane20,Balagui,57382,active,true,2027-01-25,2027-01-31
74,skisbey21,Toulouse,41815,active,true,2028-05-29,2028-06-03
75,hpeter22,Saint-Maur-des-Fossés,27300,completed,true,2027-06-23,2027-06-27
76,lturvie23,Lykóvrysi,22526,planned,false,2026-11-22,2026-11-27
77,mbatiste24,Quận Phú Nhuận,65696,planned,false,2028-11-06,2028-11-08
78,bpepis25,Karangturi,80702,active,true,2027-07-16,2027-07-23
79,gwilacot26,Soba,31844,planned,true,2027-10-21,2027-10-27
80,skellie27,Trzciana,99519,active,false,2026-12-03,2026-12-09
81,achristofol28,Ghazni,49198,planned,false,2028-03-25,2028-03-28
82,lwellstood29,Krajan Kulon,91403,completed,true,2026-05-01,2026-05-03
83,mfardy2a,IJmuiden,78021,planned,false,2028-03-16,2028-03-21
84,bcollabine2b,Sabaneta,37210,completed,false,2027-04-08,2027-04-09
85,ebleddon2c,Tugulym,14702,active,false,2027-05-10,2027-05-17
86,rmuncaster2d,Santa Ana,5561,active,false,2028-08-23,2028-08-29
87,tpollastrone2e,Maria,19380,completed,false,2028-01-18,2028-01-19
88,arobak2f,Xiaogang,60722,active,true,2028-12-03,2028-12-08
89,liles2g,Catende,8525,completed,false,2028-06-04,2028-06-08
90,kwhellams2h,Vol’sk,12864,active,true,2027-03-19,2027-03-24
91,coxberry2i,Meixi,32971,completed,false,2026-06-20,2026-06-22
92,kscroxton2j,Pombas,65977,active,false,2028-01-22,2028-01-26
93,csearl2k,Kanthararom,15646,completed,true,2027-01-03,2027-01-05
94,cfreear2l,Sarany,58603,active,false,2027-03-26,2027-03-30
95,kjullian2m,Aucallama,85429,active,false,2028-06-28,2028-06-30
96,fashwell2n,Abidjan,81152,active,true,2028-11-11,2028-11-18
97,ccorr2o,Katrineholm,55784,active,true,2028-05-13,2028-05-20
98,abeseke2p,Hukeng,74570,active,false,2025-03-13,2025-03-17
99,rcleeve2q,Siguinon,56340,active,false,2027-09-11,2027-09-14
100,ehuetson2r,Cihideung Satu,62968,planned,false,2025-02-27,2025-03-06
101,ccammell2s,Bugko,87692,completed,false,2028-08-26,2028-08-31
102,wmckeney2t,Zavetnoye,41909,planned,false,2025-10-22,2025-10-27
103,rpartlett2u,Addis Ababa,16953,active,true,2026-05-23,2026-05-30
104,tkinghorn2v,Liantan,98134,active,true,2025-01-04,2025-01-09
105,lkinnear2w,Santiago Nonualco,53835,active,false,2028-12-14,2028-12-16
106,bhakey2x,Daszewice,37783,active,false,2025-07-29,2025-08-01
107,lmikalski2y,Chicago,76122,active,false,2026-08-15,2026-08-17
108,dmcbride2z,São Sebastião,89969,planned,true,2025-07-14,2025-07-21
109,hdominicacci30,Kabacan,25685,completed,false,2025-07-13,2025-07-20
110,mparminter31,Sanhui,63510,completed,false,2027-04-02,2027-04-06
111,tperes32,Chahe,51658,completed,false,2028-12-16,2028-12-19
112,caspy33,Viedma,42238,planned,true,2027-12-15,2027-12-22
113,rblanchard34,Qinglung,46476,planned,true,2026-06-30,2026-07-06
114,lsirmond35,Lâm Thao,21948,completed,false,2026-05-25,2026-05-26
115,vreason36,Ciracap,6083,active,false,2025-08-20,2025-08-24
116,mwhittock37,Solna,1601,planned,false,2028-01-24,2028-01-28
117,mbowry38,Shar’ya,29530,completed,false,2027-10-06,2027-10-09
118,onicholas39,Changma,94442,completed,false,2026-03-25,2026-03-28
119,gderges3a,Palecenan,50378,completed,false,2026-03-08,2026-03-10
120,ychrippes3b,Chadi,72017,planned,false,2028-02-03,2028-02-06
121,vmoen3c,Shizong,37865,completed,true,2025-07-09,2025-07-10
122,agissing3d,Bilüü,21885,planned,false,2027-03-04,2027-03-08
123,schatwood3e,Okiot,19577,planned,true,2027-09-15,2027-09-18
124,lmitroshinov3f,Ibirama,35165,planned,false,2025-04-09,2025-04-15
125,pmccrow3g,Zhoutian,85620,active,true,2025-11-20,2025-11-22
126,bwinspire3h,Murça,39318,planned,false,2025-12-03,2025-12-06
127,ihanny3i,Celorico de Basto,81719,active,true,2028-03-13,2028-03-19
128,kgasken3j,Nayak,76904,planned,false,2028-10-02,2028-10-05
129,pgregersen3k,Dowr-e Rabāţ,38620,completed,true,2025-11-18,2025-11-23
130,jcogzell3l,Quanjiang,86363,completed,false,2025-01-29,2025-02-05
131,morniz3m,Mīzan Teferī,55416,planned,true,2025-04-02,2025-04-06
132,tstygall3n,Laizhou,63213,active,true,2026-03-17,2026-03-18
133,sscargill3o,Riihimäki,11988,planned,false,2028-01-07,2028-01-09
134,bisland3p,Xianyan,62100,completed,true,2026-06-27,2026-06-28
135,scoopey3q,Maliuzui,52983,completed,true,2027-12-09,2027-12-12
136,babrashkov3r,Carice,59539,planned,true,2024-12-07,2024-12-14
137,ihuckfield3s,Pangascasan,77336,completed,false,2027-08-18,2027-08-19
138,amcmaster3t,Agat Village,93794,completed,false,2027-05-25,2027-05-28
139,gqueyeiro3u,Vayk’,1767,active,true,2025-10-08,2025-10-10
140,aespinet3v,Gourcy,32856,completed,false,2024-12-09,2024-12-15
141,aquartley3w,Morinville,61425,completed,true,2025-04-19,2025-04-20
142,fcalverley3x,Bibai,71331,completed,true,2027-06-22,2027-06-29
143,brawsthorne3y,Falkenberg,27315,completed,true,2025-12-04,2025-12-08
144,ibowbrick3z,Lingdong,5973,planned,true,2025-01-31,2025-02-03
145,streacy40,Shiliting,50185,completed,true,2026-09-14,2026-09-20
146,mgatcliff41,Luojiang,76555,planned,true,2025-03-13,2025-03-18
147,bwayon42,Liantan,88922,active,true,2027-04-01,2027-04-04
148,jmagrannell43,Zeya,76962,completed,false,2025-10-16,2025-10-23
149,afever44,Nanbin,22037,completed,false,2028-07-19,2028-07-25
150,bpanniers45,Orly,43880,active,false,2027-06-13,2027-06-15
151,bpetrie46,Carvalhal da Aroeira,67365,planned,true,2024-12-24,2024-12-27
152,rsaing47,Babakan Baru,26842,planned,true,2028-07-29,2028-08-02
153,mfairs48,Stockholm,66670,completed,true,2028-02-20,2028-02-25
154,alaw49,Jintang,44464,active,false,2025-02-08,2025-02-11
155,wpichmann4a,Liufeng,91997,active,false,2025-02-09,2025-02-13
156,adungay4b,Las Varas,79273,completed,true,2026-01-18,2026-01-20
157,msephton4c,Svalöv,563,planned,true,2025-04-04,2025-04-09
158,strawin4d,Semamung,80475,planned,true,2027-05-09,2027-05-14
159,mmartyn4e,Dancheng,27065,planned,false,2027-05-08,2027-05-09
160,ovlasov4f,Tarasovskiy,13197,active,true,2026-09-28,2026-10-03
161,gcokayne4g,Kajar,26260,completed,true,2028-08-21,2028-08-28
162,sdaspar4h,Solok Timur,39770,planned,true,2025-07-24,2025-07-25
163,cwisker4i,Nobeoka,43649,completed,true,2025-05-11,2025-05-16
164,tjanaszewski4j,Inderka,158,active,false,2027-10-03,2027-10-07
165,csutehall4k,Hirvensalmi,52468,planned,false,2026-03-19,2026-03-21
166,tpaunsford4l,Krasne,7006,active,true,2027-02-17,2027-02-18
167,jtogher4m,Qādirpur Rān,43292,completed,true,2025-03-18,2025-03-21
168,ykittless4n,Tiztoutine,72986,active,false,2027-09-04,2027-09-06
169,pcluelow4o,Jingang,85946,planned,true,2025-08-05,2025-08-08
170,rhazzard4p,Trasak,59166,completed,false,2026-10-07,2026-10-08
171,pjuanes4q,Aiguo,88547,completed,false,2027-03-17,2027-03-18
172,hchezier4r,La Libertad,37323,planned,false,2027-06-12,2027-06-14
173,ewilliamson4s,Severka,24592,active,true,2027-08-19,2027-08-21
174,bredsull4t,Kudang,75797,planned,true,2026-03-01,2026-03-06
175,avedyasov4u,Letlhakeng,1578,completed,false,2024-12-24,2024-12-31
176,kriccardini4v,Nanjie,46976,planned,true,2025-04-19,2025-04-23
177,gwaldron4w,Naagas,96248,active,false,2025-12-08,2025-12-11
178,blawlance4x,Wonda,52146,planned,true,2026-11-26,2026-11-30
179,santwis4y,Mergayu,21975,planned,true,2026-11-26,2026-12-03
180,mtarbox4z,Gujiadian,300,active,true,2025-08-11,2025-08-14
181,vritter50,Changxing,80009,completed,true,2028-08-06,2028-08-13
182,scowl51,Prévost,82357,active,false,2026-01-29,2026-02-04
183,lweatherby52,Cortiçóis,80800,completed,false,2026-08-06,2026-08-10
184,emahony53,São Luiz Gonzaga,20689,active,true,2025-06-06,2025-06-10
185,vgellately54,Bairro,13380,completed,true,2027-06-29,2027-07-02
186,atunuy55,Besteiros,82816,active,true,2028-05-17,2028-05-22
187,gmccallum56,Vyborg,79101,active,true,2027-08-16,2027-08-19
188,mstobie57,Reda,17901,planned,false,2027-06-10,2027-06-17
189,jmelloy58,La’ershan,9942,completed,true,2028-08-15,2028-08-18
190,hallsobrook59,Itapagé,61915,planned,false,2026-04-24,2026-04-27
191,tglamart5a,Lidong,25792,planned,false,2028-07-30,2028-08-04
192,ahankinson5b,Damawato,87129,planned,true,2028-11-29,2028-12-06
193,aaylen5c,Manalongon,34746,active,true,2026-09-20,2026-09-24
194,ekolczynski5d,Gebang,45875,active,true,2028-11-27,2028-12-03
195,jmanntschke5e,Borås,48886,planned,false,2026-07-15,2026-07-19
196,pwichard5f,Santa Lucia,1031,planned,false,2026-02-10,2026-02-11
197,adrinkale5g,Helang,23713,active,false,2028-07-05,2028-07-10
198,bgrog5h,Zhenjiang,55987,active,true,2028-01-06,2028-01-13
199,aquennell5i,Fort McMurray,44875,active,false,2026-01-12,2026-01-19
200,geickhoff5j,Lamak,86401,completed,false,2027-07-19,2027-07-20
201,sterzi5k,Bukowiec,33295,completed,true,2025-01-30,2025-02-05
202,bflaunier5l,Mílos,92314,planned,false,2025-12-15,2025-12-16
203,ebaldree5m,Jiudian,97190,active,false,2025-01-03,2025-01-10
204,evaneev5n,Pancoran,36047,completed,true,2027-07-16,2027-07-23
205,hmayler5o,Bicaj,22881,planned,true,2026-02-24,2026-03-02
206,alukasen5p,Taltal,67316,completed,true,2027-05-25,2027-05-31
207,scamerello5q,Yangi-Nishon Shahri,66127,active,false,2028-10-23,2028-10-26
208,hbeagrie5r,Ljungby,64539,active,false,2024-12-25,2024-12-28
209,dlalevee5s,Nereta,86346,completed,false,2025-10-17,2025-10-19
210,dmeates5t,Dobratice,36841,active,false,2028-03-30,2028-04-03
211,gpym5u,Outapi,76991,planned,true,2026-01-25,2026-01-27
212,qbeynon5v,Mirny,28386,completed,true,2025-03-20,2025-03-27
213,adinkin5w,Innisfil,61388,active,false,2025-05-08,2025-05-10
214,dboulding5x,Pingshan,73947,planned,true,2028-04-18,2028-04-23
215,olawlee5y,Pilchowice,5528,completed,false,2028-04-25,2028-05-02
216,clambdon5z,Pyatnitskoye,47914,planned,false,2025-03-29,2025-03-31
217,tdorrity60,Marau,57990,completed,false,2027-09-22,2027-09-27
218,fharbison61,Řehlovice,12422,active,false,2027-07-05,2027-07-08
219,dmansour62,Wola Sernicka,1882,completed,true,2028-07-12,2028-07-15
220,bayerst63,Sorokino,44759,planned,false,2027-05-09,2027-05-12
221,kmcalister64,Tayug,40027,completed,false,2027-04-09,2027-04-12
222,snolli65,Miejsce Piastowe,25672,active,false,2028-05-14,2028-05-15
223,othebeau66,Xinzhou,16680,active,true,2027-07-12,2027-07-15
224,ldaville67,Pniv,97484,active,true,2028-01-24,2028-01-28
225,mbartos68,Tekes,74784,active,true,2025-06-09,2025-06-11
226,ccleary69,Nonoichi,77185,active,true,2027-01-18,2027-01-19
227,equye6a,Baki,20108,planned,true,2027-12-28,2027-12-31
228,ethies6b,Hausjärvi,40684,planned,false,2025-11-12,2025-11-18
229,lfranck6c,Iţsā,78775,active,true,2025-05-04,2025-05-05
230,zspadaro6d,Wirral,16743,completed,false,2027-09-04,2027-09-06
231,brottenbury6e,Doctor Juan León Mallorquín,9104,planned,true,2026-07-30,2026-08-01
232,dfrushard6f,Bizana,94955,planned,false,2027-12-26,2027-12-27
233,bgetty6g,Atlanta,49534,planned,false,2025-06-16,2025-06-18
234,bfawlks6h,Stockholm,49013,completed,false,2027-08-03,2027-08-07
235,asimnor6i,Kelo,22785,planned,false,2027-10-31,2027-11-06
236,stutill6j,Katyuzhanka,56345,active,false,2026-10-05,2026-10-09
237,mwaistall6k,Vanderhoof,36933,planned,true,2028-11-12,2028-11-13
238,idallison6l,Pora,48977,planned,false,2027-06-13,2027-06-14
239,aleel6m,Singapore,74577,planned,true,2027-12-27,2027-12-28
240,jmaling6n,Atlanta,276,planned,true,2025-10-15,2025-10-17
241,cchallicum6o,Canela,70796,active,true,2027-04-11,2027-04-13
242,hjantet6p,Hongos,49223,active,false,2028-02-17,2028-02-21
243,epond6q,Manika,1317,completed,false,2026-03-10,2026-03-14
244,mlomath6r,Zorak,11826,completed,true,2026-05-06,2026-05-11
245,tblackmore6s,Krueng Luak,3920,planned,false,2025-07-26,2025-07-27
246,awinslet6t,Braunschweig,47179,completed,true,2026-04-24,2026-04-29
247,sfranek6u,Karangtengah,91839,planned,false,2027-06-04,2027-06-05
248,cblaasch6v,Biao,7248,planned,false,2028-10-09,2028-10-10
249,lduchant6w,Xingtai,30346,planned,true,2025-12-27,2025-12-30
250,ngummory6x,Forécariah,3013,completed,true,2025-10-16,2025-10-19
251,kmangin6y,Černošice,78271,active,true,2026-11-12,2026-11-13
252,nlytton6z,Borlänge,53851,planned,false,2026-05-16,2026-05-18
253,mtimeby70,Suvorov,59061,planned,true,2028-10-23,2028-10-27
254,vbowich71,San Jacinto,35337,planned,false,2027-06-30,2027-07-01
255,ggannan72,Golek,66287,active,false,2028-08-25,2028-09-01
256,valvarez73,Sundsvall,68065,planned,false,2025-08-22,2025-08-29
257,imayberry74,Orguz,66793,completed,true,2027-12-20,2027-12-27
258,spierucci75,Ouro Branco,26399,active,false,2028-09-17,2028-09-20
259,sconnar76,Taishanmiao,56921,planned,true,2026-12-15,2026-12-22
260,kcannon77,Busay,91737,planned,false,2027-03-31,2027-04-03
261,bstatham78,Habry,36606,completed,false,2025-10-31,2025-11-05
262,scrinkley79,Évreux,38962,completed,false,2025-08-26,2025-08-29
263,mlikly7a,Narva-Jõesuu,63171,completed,true,2025-02-27,2025-03-06
264,fdouche7b,Staronizhestebliyevskaya,32575,completed,true,2026-09-28,2026-10-03
265,cmcillrick7c,Předklášteří,27616,planned,true,2025-05-19,2025-05-24
266,cpigott7d,Yamrat,21260,completed,false,2026-09-27,2026-09-30
267,brickett7e,Jadów,68768,active,true,2025-12-09,2025-12-14
268,rmantle7f,Fuxi,94215,planned,false,2025-07-10,2025-07-12
269,glatch7g,Obroshyne,74819,active,true,2027-10-24,2027-10-28
270,pilyunin7h,Kugri,88170,planned,true,2026-06-25,2026-07-02
271,dgoding7i,Hoeryŏng,25602,completed,true,2028-10-01,2028-10-06
272,abamling7j,Upi,38057,active,true,2027-06-26,2027-07-02
273,ahalle7k,Las Vegas,46293,completed,true,2028-02-14,2028-02-18
274,mascrofte7l,Kandun,65520,completed,false,2025-08-28,2025-09-04
275,bausting7m,Xiadingjia,84861,active,false,2026-07-13,2026-07-15
276,chydechambers7n,Tétouan,59686,active,true,2025-04-10,2025-04-16
277,fcroxton7o,Germiston,39249,planned,false,2027-09-04,2027-09-09
278,hbreckell7p,Omsk,15379,active,true,2025-06-04,2025-06-08
279,kyakovich7q,Santa Catarina,18084,planned,true,2026-10-06,2026-10-07
280,pstollwerk7r,Ganquan,71870,planned,true,2028-12-02,2028-12-09
281,teskriett7s,Shenzhong,49926,completed,true,2026-09-10,2026-09-12
282,lorbell7t,Strezhevoy,97822,planned,false,2026-12-14,2026-12-15
283,dstuer7u,Registro,15022,active,false,2025-11-02,2025-11-09
284,nbente7v,Tutup,9321,planned,false,2026-01-15,2026-01-19
285,gdocherty7w,Luxi,48404,completed,true,2026-01-18,2026-01-20
286,fgorry7x,Denpasar,74025,completed,false,2026-06-24,2026-07-01
287,sbentall7y,Savannakhét,74306,planned,true,2028-02-06,2028-02-12
288,cclements7z,Baixo Guandu,80091,active,true,2027-08-03,2027-08-07
289,jbusch80,Marcabal,52882,completed,true,2028-07-31,2028-08-07
290,csadry81,Kanye,25004,planned,false,2028-10-28,2028-11-02
291,claver82,Berlín,95382,active,true,2028-08-13,2028-08-15
292,dbielfeld83,Cintra,35071,planned,false,2028-09-09,2028-09-11
293,mkeller84,Aguada de Pasajeros,83344,active,false,2025-09-01,2025-09-08
294,erainville85,Zarqa,7344,planned,true,2026-12-08,2026-12-15
295,qwhitten86,Luzhi,59497,planned,false,2026-11-12,2026-11-13
296,smacgragh87,Saint-Augustin-de-Desmaures,25829,completed,true,2027-11-29,2027-12-06
297,abatter88,Huangliang,34542,active,true,2027-12-22,2027-12-29
298,ndriffield89,Kanghe,38893,completed,true,2027-03-23,2027-03-26
299,pfranzolini8a,Semang,2095,completed,true,2028-06-11,2028-06-14
300,borrice8b,Ingenio La Esperanza,51013,active,false,2026-04-13,2026-04-20
301,cbonnick8c,Pagaden,43206,active,true,2028-10-03,2028-10-05
302,kquince8d,London,56546,completed,true,2027-11-14,2027-11-16
303,chanington8e,Fargo,68817,active,false,2028-02-17,2028-02-21
304,mseldner8f,Pictou,80660,planned,true,2026-08-28,2026-08-30
305,ajahnel8g,Cajabamba,3218,active,true,2028-10-10,2028-10-17
306,mcasterot8h,Achada,15549,planned,true,2026-11-27,2026-11-28
307,cserver8i,Krapina,20479,planned,true,2026-07-14,2026-07-18
308,ccowdray8j,Ganping,9217,completed,true,2025-09-22,2025-09-23
309,rshawe8k,Neringa,49611,planned,false,2025-06-30,2025-07-06
310,nsulter8l,Koundara,76371,planned,false,2027-09-07,2027-09-11
311,ahearne8m,Tapayan,89016,active,true,2027-09-17,2027-09-20
312,emilier8n,Wudangshan,28964,planned,true,2028-09-20,2028-09-23
313,hovenell8o,Bang Racham,39159,planned,false,2025-06-22,2025-06-24
314,jhardwicke8p,Los Andes,97783,planned,false,2028-07-20,2028-07-22
315,dmullenger8q,Fukayachō,63143,completed,true,2027-02-16,2027-02-22
316,wyu8r,Clichy,45239,active,true,2028-01-16,2028-01-21
317,amccowan8s,Longmiao,76965,planned,true,2028-09-28,2028-10-02
318,bmoulson8t,Xijiang,6944,active,true,2026-01-16,2026-01-18
319,jfullegar8u,Baruunturuun,80557,planned,true,2025-07-08,2025-07-10
320,yfernihough8v,Eusébio,75342,completed,false,2028-01-29,2028-02-01
321,dhardistry8w,Anren Chengguanzhen,64974,planned,true,2027-01-13,2027-01-20
322,vairth8x,Okhtyrka,87302,active,true,2028-03-24,2028-03-30
323,arozzell8y,Stockton,33335,active,false,2026-02-23,2026-02-26
324,cwitcomb8z,Chandmanĭ,37237,completed,true,2028-03-31,2028-04-07
325,ilere90,Tasovčići,71377,completed,true,2028-12-20,2028-12-25
326,klebel91,Sorongan,46336,planned,true,2028-03-25,2028-04-01
327,slouisot92,Bromölla,81843,completed,true,2028-05-15,2028-05-18
328,fstreetfield93,Lisewo Malborskie,97123,planned,false,2027-11-17,2027-11-24
329,hrouse94,Bačka Palanka,74068,planned,false,2025-10-26,2025-11-01
330,kmaccaull95,Maulavi Bāzār,1051,active,true,2026-12-01,2026-12-03
331,jkehir96,Kota Kinabalu,77601,planned,true,2025-05-31,2025-06-07
332,crazoux97,Valada,64652,completed,true,2024-12-10,2024-12-14
333,rcasarino98,Borås,54804,planned,false,2027-10-28,2027-11-04
334,aguerry99,Banjarbaru,86746,completed,false,2026-03-10,2026-03-16
335,ghannabuss9a,Skien,44193,planned,false,2028-09-27,2028-10-03
336,dcopo9b,Mīrwāh Gorchani,64880,completed,true,2027-07-09,2027-07-16
337,asidle9c,Tsinandali,63315,active,true,2025-05-15,2025-05-18
338,roneil9d,Abreus,99270,completed,true,2026-06-23,2026-06-28
339,wmocquer9e,Leeuwarden,37849,active,false,2028-04-29,2028-05-02
340,ssandey9f,Dadong,35089,planned,true,2025-02-13,2025-02-20
341,dpunchard9g,Zhengji,96859,active,false,2026-11-06,2026-11-09
342,lmcivor9h,Pyapon,57451,active,false,2028-09-27,2028-10-01
343,cfiggs9i,Magetlegar,58800,planned,true,2025-04-06,2025-04-13
344,loheaney9j,Sokol’niki,44040,completed,true,2025-10-31,2025-11-01
345,gleveret9k,Karangbadar Kidul,40712,completed,true,2025-06-21,2025-06-27
346,wsarjeant9l,Doloon,57755,active,true,2026-06-01,2026-06-07
347,cfeeney9m,Roma,46767,active,true,2027-04-25,2027-04-30
348,lahrens9n,Krasnofarfornyy,97743,planned,false,2026-06-20,2026-06-26
349,fbartolozzi9o,Santa Cruz das Palmeiras,88591,planned,true,2026-10-01,2026-10-08
350,aabry9p,Thị Trấn Yên Phú,37838,completed,true,2025-03-01,2025-03-03
351,rstapele9q,Forquilhinha,52137,active,false,2026-05-29,2026-06-04
352,pmccrainor9r,Novo Hamburgo,15057,planned,true,2028-07-15,2028-07-19
353,pburtwistle9s,Nevesinje,87985,active,false,2025-12-06,2025-12-13
354,rlyttle9t,Zhagang,69615,planned,false,2028-09-27,2028-09-28
355,jsimounet9u,Billère,57022,active,false,2026-03-10,2026-03-16
356,rgierck9v,Angoulême,38401,completed,true,2024-12-10,2024-12-13
357,dmariyushkin9w,Loja,82911,completed,true,2027-11-06,2027-11-12
358,eschober9x,Naawan,47282,completed,true,2028-08-09,2028-08-11
359,bpeeter9y,Getahovit,49905,planned,true,2027-08-19,2027-08-24
360,rcritzen9z,Ōtawara,95813,completed,true,2026-09-18,2026-09-21
361,myanuka0,Tánh Linh,16474,planned,false,2028-08-12,2028-08-18
362,gvanderkruia1,Luz de Tavira,97491,planned,false,2026-09-08,2026-09-13
363,bfibbita2,Dagup,56009,active,true,2027-12-21,2027-12-27
364,erunchmana3,Longkou,83366,completed,false,2028-11-21,2028-11-22
365,tswirea4,Gândara de Aquém,6321,active,false,2025-12-02,2025-12-05
366,jvautreya5,Pouébo,57007,active,true,2025-02-01,2025-02-03
367,gbunninga6,Lumbardhi,59308,active,false,2025-10-19,2025-10-20
368,alivingstonea7,Jieshipu,12197,active,false,2025-03-15,2025-03-18
369,dpipwortha8,Wulongshan,8207,planned,true,2026-03-15,2026-03-16
370,rnortheya9,Jiebu,41644,completed,false,2026-09-03,2026-09-05
371,nmacalindenaa,Passagem,660,completed,true,2025-08-31,2025-09-03
372,adewettab,Brumado,70671,completed,false,2025-01-15,2025-01-21
373,vgoodbarrac,Urek-urek,99234,planned,true,2026-08-25,2026-08-26
374,pplayfordad,Samaro,29200,completed,true,2027-10-18,2027-10-25
375,rriccelliae,Changsheng,7722,completed,true,2027-01-12,2027-01-14
376,ckundtaf,Ipatinga,16556,planned,false,2026-12-19,2026-12-24
377,tgershomag,Battambang,32052,completed,false,2027-11-01,2027-11-06
378,kboddyah,Aminga,1961,active,true,2027-05-31,2027-06-02
379,bmillsapai,Shawnee Mission,69480,planned,true,2026-04-28,2026-04-30
380,mandrolliaj,Tepal,30571,planned,true,2026-08-10,2026-08-12
381,kjoriak,Fenchen,56974,planned,false,2028-06-20,2028-06-23
382,dtunnadineal,Colorado,1845,completed,true,2026-05-26,2026-05-31
383,cdeminicoam,Thị Trấn Vạn Hà,1775,active,true,2025-11-28,2025-12-04
384,bcypleran,Ulapes,23781,active,false,2026-03-13,2026-03-16
385,pfarloweao,Beidou,27700,active,false,2026-12-09,2026-12-14
386,kbenallackap,Fangli,45241,active,false,2026-05-31,2026-06-02
387,ldyshartaq,Tigpalay,30295,active,false,2028-06-02,2028-06-03
388,fgidneyar,Talitsy,80478,planned,false,2028-05-10,2028-05-16
389,kpaggittas,Yaojiagou,72226,completed,true,2026-05-11,2026-05-12
390,tmagogat,Xiexiong,54043,completed,true,2025-07-21,2025-07-24
391,cnicolau,Sampangan,30819,completed,false,2026-10-18,2026-10-25
392,jtownsendav,Huangnihe,79060,planned,true,2028-11-05,2028-11-12
393,sharceaw,Rzyki,80971,active,false,2028-12-23,2028-12-29
394,krandersonax,Wangying,21570,planned,true,2028-05-25,2028-05-31
395,bannanday,Ruma,74540,active,false,2028-01-28,2028-02-04
396,pgaynesaz,Margahayu,48482,completed,true,2028-01-24,2028-01-27
397,fkitchingmanb0,Cruz del Eje,52754,completed,false,2026-12-28,2027-01-01
398,amolloyb1,Sifala,94840,completed,false,2026-03-23,2026-03-27
399,apordallb2,Consolación del Sur,51608,planned,false,2027-03-12,2027-03-17
400,gtompkissb3,Ketanggungan,39991,planned,false,2028-09-25,2028-10-02
401,kratcliffb4,Pochinok,4955,active,true,2028-01-19,2028-01-23
402,ecarlinob5,Magaria,78694,active,false,2026-01-06,2026-01-12
403,viacobassib6,Shanglaxiu,22020,planned,false,2026-05-21,2026-05-24
404,mwendenb7,Velyka Oleksandrivka,20946,completed,true,2028-06-19,2028-06-20
405,dluneyb8,Oeiras,29721,planned,false,2025-09-29,2025-10-06
406,bhegartyb9,Taunoa,48704,active,false,2028-05-29,2028-06-02
407,ltruslerba,Cabaiguán,12858,completed,true,2027-11-23,2027-11-29
408,pfernihoughbb,Burgos,70092,active,true,2025-01-06,2025-01-09
409,eluffmanbc,Pasirtujuhpuluh,94227,active,true,2027-04-13,2027-04-15
410,bmcteerbd,Walton,99755,planned,true,2025-01-03,2025-01-04
411,ewroughtonbe,Magangué,40808,active,false,2028-11-11,2028-11-13
412,rridulfobf,Denver,17774,planned,false,2026-12-20,2026-12-22
413,ddreverbg,Peseng,96091,completed,false,2028-02-18,2028-02-23
414,hhorsefieldbh,Balabagan,2447,planned,true,2026-01-30,2026-02-04
415,dmcnallybi,Malec,58317,completed,true,2026-02-24,2026-03-01
416,iciabatteribj,Sikeshu,22873,active,true,2025-08-29,2025-09-02
417,acummingbk,Songshan,31081,completed,false,2026-05-16,2026-05-21
418,eskonesbl,Jiazi,18449,active,true,2027-10-20,2027-10-21
419,tawdrybm,Stockholm,42348,active,true,2027-11-19,2027-11-23
420,ilowdenbn,Varybóbi,36220,completed,true,2027-10-10,2027-10-13
421,sradsdalebo,Álli Meriá,25777,completed,false,2026-06-27,2026-06-28
422,marchibouldbp,Frederiksberg,56743,completed,true,2025-06-12,2025-06-19
423,bgoldbq,Kalapagada,79662,completed,true,2027-04-12,2027-04-18
424,kpendallbr,Quitilipi,3059,completed,false,2025-08-15,2025-08-19
425,achristofebs,Kanghe,98572,active,true,2028-06-05,2028-06-11
426,lfreezerbt,Dazhipo,62060,completed,false,2027-03-22,2027-03-29
427,afellenorbu,Chandra,88672,completed,true,2027-08-18,2027-08-22
428,mdomercbv,Longbo,76526,planned,false,2027-12-23,2027-12-25
429,imustinbw,Yayao,5593,completed,true,2026-12-04,2026-12-08
430,dlathburybx,Longwu,54029,planned,false,2027-12-22,2027-12-26
431,mivannikovby,Nglengkir,56168,active,false,2025-04-06,2025-04-13
432,anorquoybz,Stockholm,78349,active,false,2027-02-19,2027-02-25
433,nliddellc0,Cẩm Phả Mines,43797,active,false,2025-06-25,2025-06-28
434,abeckinghamc1,Elías,92881,completed,true,2027-04-12,2027-04-15
435,tdevoc2,Brinkmann,2657,active,true,2027-07-07,2027-07-10
436,tphizacleac3,Bobota,66725,active,false,2026-11-23,2026-11-29
437,darrighinic4,Mekele,15956,planned,true,2027-05-09,2027-05-12
438,jwharfec5,San Miguel de Cauri,54213,active,true,2028-09-16,2028-09-22
439,mhearsumc6,Luhačovice,81554,active,true,2028-09-06,2028-09-09
440,tbrockiec7,Venezia,95349,planned,true,2026-01-25,2026-01-29
441,rjakemanc8,Texíguat,18003,active,true,2025-01-13,2025-01-18
442,cmccorriec9,Hilversum,7245,completed,false,2025-05-26,2025-06-02
443,opettiwardca,Kelmė,18321,completed,true,2025-02-24,2025-02-27
444,cbanatcb,Mrzeżyno,40621,completed,false,2028-10-05,2028-10-11
445,sgutersoncc,Szczerbice,14452,completed,true,2025-11-08,2025-11-12
446,bbielefeldcd,Mashizhai,945,completed,false,2025-03-14,2025-03-18
447,clynece,Krajan Gajihan,2216,active,true,2028-11-23,2028-11-27
448,bwinderscf,Namangan,85559,completed,true,2025-08-12,2025-08-16
449,ebrixeycg,Zhigong,57534,planned,false,2026-04-23,2026-04-28
450,jpovahch,San José de Miranda,7211,active,true,2026-07-27,2026-07-30
451,sraikerci,Tembang,61480,planned,true,2026-08-26,2026-09-02
452,bfronsekcj,Sedinginan,86821,completed,false,2024-12-31,2025-01-01
453,whymerck,Borås,55206,planned,false,2025-10-18,2025-10-25
454,mderillcl,Angoulême,39484,active,false,2025-01-05,2025-01-12
455,ggettonecm,Marabá,83673,active,false,2025-06-30,2025-07-06
456,lshasnancn,Américo Brasiliense,89100,active,false,2026-08-21,2026-08-27
457,rlocockco,Неготино,71585,completed,false,2025-07-10,2025-07-12
458,bstearleycp,Oskarshamn,69036,completed,true,2026-11-01,2026-11-04
459,ckordingcq,Aroeira,83250,active,false,2027-10-19,2027-10-24
460,amalitrottcr,Pevek,48144,planned,true,2027-04-02,2027-04-08
461,jchingecs,Tegalgede,57807,active,false,2026-12-25,2026-12-31
462,kbartosiakct,Donglai,20269,planned,true,2028-07-17,2028-07-20
463,htregoningcu,Jalālpur Pīrwāla,25355,active,false,2028-01-28,2028-01-30
464,rplowmancv,Phoenix,51768,completed,false,2028-04-10,2028-04-13
465,swildmancw,Paulo Afonso,56951,completed,false,2027-10-26,2027-10-28
466,fstoddartcx,Ivanec,86317,planned,false,2028-06-29,2028-07-06
467,snatoncy,Alvaiázere,75309,completed,false,2028-10-11,2028-10-13
468,mleppingtoncz,Huangliang,24281,completed,true,2027-03-21,2027-03-28
469,drubinovicid0,Orël,95463,planned,false,2026-08-24,2026-08-30
470,ttogherd1,Soukkouma,89859,active,true,2025-10-23,2025-10-28
471,uleiled2,Aquidauana,31549,planned,true,2027-01-03,2027-01-10
472,kgounetd3,Kalidawe,1939,active,false,2028-04-02,2028-04-06
473,chunnicotd4,Soreang,29510,completed,true,2027-08-26,2027-08-28
474,lbearned5,Cruzeiro,96263,active,false,2027-07-15,2027-07-16
475,hnewlynd6,Svislach,86801,active,true,2027-02-17,2027-02-18
476,rmerringd7,Usa River,73539,active,true,2027-08-07,2027-08-10
477,djeanneld8,Daxing,23742,planned,false,2027-10-25,2027-10-29
478,kclimanced9,Nova Olímpia,59682,completed,true,2026-01-31,2026-02-01
479,tmaudittda,Nový Bydžov,72056,active,true,2025-04-09,2025-04-13
480,iwrasselldb,Himeji,30741,completed,true,2026-03-18,2026-03-19
481,mgiraudotdc,Copa,35443,active,false,2028-02-09,2028-02-13
482,lheatondd,Mambago,76841,active,true,2028-05-14,2028-05-15
483,rdreverde,Shemonaīkha,96916,completed,true,2025-06-26,2025-07-01
484,lzanredf,Dubu,31692,active,false,2028-10-16,2028-10-19
485,gabbattdg,Jinglou,81144,active,false,2025-07-07,2025-07-12
486,mslatforddh,Hyesan-dong,78874,planned,false,2028-10-03,2028-10-08
487,aburnelldi,Guzhu,58048,active,true,2028-02-12,2028-02-15
488,hpunterdj,Mikstat,49540,planned,false,2027-05-20,2027-05-25
489,hilyenkodk,Leuwibuleud,62150,active,false,2025-11-13,2025-11-15
490,rrouncedl,Serra,54180,planned,true,2024-12-29,2025-01-05
491,cpaverdm,Munjul,99389,completed,true,2025-12-28,2026-01-04
492,lclayilldn,High Point,95985,active,false,2025-04-24,2025-04-27
493,edyetdo,Cataguases,35709,active,false,2026-12-28,2027-01-01
494,sbirdwhistledp,Angelochóri,45944,planned,false,2028-08-26,2028-09-01
495,hbuneydq,Sovetskiy,56530,planned,false,2026-03-28,2026-03-30
496,hosgodbydr,Namikupa,76761,planned,true,2026-08-20,2026-08-26
497,lmacwhirterds,Beddeng,61809,completed,false,2026-11-18,2026-11-22
498,mtwoohydt,Foz Giraldo,63851,completed,false,2027-04-05,2027-04-06
499,mthurstandu,Rencun,70377,active,true,2026-04-22,2026-04-27
500,asarfatidv,El Copey,8828,planned,false,2027-03-29,2027-04-05
501,ffaldoedw,Annecy,11633,active,true,2026-10-24,2026-10-28
502,hotuohydx,Zhongxinqiao,48111,planned,false,2025-06-20,2025-06-24
503,fmackiewiczdy,Spassk-Dal’niy,21149,active,true,2027-12-14,2027-12-19
504,jeleydz,Virden,39293,planned,true,2028-08-15,2028-08-17
505,mdrewcliftone0,Rakhmanovo,47029,planned,true,2025-07-25,2025-07-27
506,mtolussie1,Novosineglazovskiy,27700,planned,false,2026-12-07,2026-12-11
507,sburghere2,Gaimán,84306,completed,true,2025-02-08,2025-02-09
508,ppegge3,Xihuaiba,57442,completed,false,2026-09-15,2026-09-17
509,epechae4,Velika Kladuša,46315,planned,false,2025-09-18,2025-09-21
510,kpleasse5,Cachón,6506,completed,true,2025-02-21,2025-02-27
511,sspenleye6,Camp Thorel,8561,completed,false,2024-12-22,2024-12-27
512,xdinningtone7,Ostashkov,80491,completed,false,2025-05-27,2025-05-31
513,kherremae8,Mirsíni,9560,completed,false,2026-03-09,2026-03-10
514,dtoselande9,Zaolin,27221,completed,false,2026-04-12,2026-04-14
515,dcolumbineea,Champerico,33199,completed,true,2026-07-24,2026-07-31
516,mgummeryeb,Labruge,8168,active,false,2028-01-05,2028-01-10
517,ghadrillec,Gaotieling,43296,active,true,2027-01-11,2027-01-18
518,ihoundesomeed,Cabucgayan,2653,active,true,2028-01-24,2028-01-29
519,lbladenee,Kaduluhur,80686,planned,false,2028-01-29,2028-02-02
520,cfiveyef,Kilimatinde,67662,planned,true,2027-09-18,2027-09-20
521,yarnholzeg,Ibrā’,56628,active,false,2026-12-11,2026-12-14
522,bkarpenyaeh,Bogorodsk,41695,planned,true,2028-06-05,2028-06-08
523,rbelisonei,Selaparang Timur,1043,completed,true,2025-04-28,2025-05-02
524,ckelnerej,Kandhkot,28619,planned,false,2026-03-31,2026-04-01
525,ncysonek,Xiayang,60313,completed,true,2025-06-30,2025-07-01
526,cmirandael,Teculután,9174,active,false,2026-04-11,2026-04-14
527,rtouzeyem,Żebbuġ,81440,active,false,2025-04-29,2025-04-30
528,cpuddinen,‘Izrā,69169,active,false,2027-03-10,2027-03-13
529,akrystofeo,Louisville,79691,planned,false,2026-04-02,2026-04-08
530,rsteedep,Ad Dujayl,31499,planned,true,2027-01-16,2027-01-19
531,cfosteq,Itaquaquecetuba,76732,active,false,2028-06-15,2028-06-16
532,kfulmener,Muroto-misakicho,84080,completed,true,2025-11-12,2025-11-19
533,cbougenes,Shaowu,75463,completed,false,2027-01-09,2027-01-16
534,sfaintet,Lamatuka,33153,active,false,2028-06-30,2028-07-04
535,nbenasikeu,Meijiang,63097,planned,true,2025-11-11,2025-11-17
536,mrosserev,La Banda,23321,completed,true,2027-07-23,2027-07-29
537,jjagielskiew,Fažana,41018,active,false,2027-08-19,2027-08-25
538,rvasilyevex,Benito Juarez,8090,completed,true,2028-09-07,2028-09-08
539,cdukelowey,Parawan,27178,planned,true,2027-08-21,2027-08-25
540,fkleszinskiez,Gayamsari,45857,planned,false,2025-04-08,2025-04-11
541,tyelyashevf0,Morales,82514,completed,false,2026-08-15,2026-08-22
542,gdawidmanf1,Piaocao,23115,completed,true,2028-12-20,2028-12-24
543,rpiechaf2,Huayllati,61790,completed,false,2025-02-16,2025-02-22
544,rhealksf3,Tílisos,87995,active,true,2027-10-12,2027-10-13
545,dspacief4,Soko,96067,planned,false,2028-11-25,2028-12-01
546,sgethynf5,Cherskiy,18388,completed,false,2027-06-16,2027-06-17
547,afilipputtif6,Qishui,56804,active,false,2026-04-22,2026-04-24
548,hrussif7,Fukuoka-shi,44061,completed,false,2025-08-05,2025-08-09
549,seddiesf8,Nanggorak,80250,planned,true,2026-10-15,2026-10-16
550,alexaf9,Winterthur,92177,active,true,2028-01-03,2028-01-07
551,gspoonerfa,Bla,10329,active,true,2027-03-22,2027-03-28
552,tvirrfb,Bouças,68925,completed,true,2027-05-29,2027-05-30
553,wjesselfc,Marang,17319,completed,true,2025-07-22,2025-07-26
554,mbutfieldfd,La Garde,47078,active,false,2026-04-08,2026-04-15
555,syegorovfe,Neftegorsk,21865,active,false,2025-10-26,2025-10-28
556,rcudff,Malino,18090,planned,true,2027-08-11,2027-08-12
557,dcrichmerfg,Paiisa,28569,planned,true,2025-02-06,2025-02-12
558,skoenenfh,Lefortovo,66011,planned,false,2026-10-14,2026-10-16
559,akibbeyfi,Marmárion,89035,planned,false,2026-11-07,2026-11-08
560,tgoughfj,Zhongzhai,63323,completed,true,2027-10-22,2027-10-27
561,pkirkmanfk,Baddomalhi,4405,completed,false,2027-12-13,2027-12-19
562,mcossentinefl,Kabar Utara,99352,active,true,2026-10-29,2026-11-03
563,wtailbyfm,Cikupa,40450,completed,true,2026-11-08,2026-11-10
564,fbachshellfn,Qümong,69181,planned,true,2027-02-23,2027-02-27
565,credonfo,Asahikawa,84082,active,false,2028-11-20,2028-11-25
566,mmcgerraghtyfp,Halle,56468,active,true,2027-06-29,2027-07-04
567,ddellafq,Boudinar,43845,planned,true,2027-07-30,2027-08-06
568,jgeesonfr,Tatou,74008,active,true,2026-01-26,2026-02-02
569,bdelacroixfs,Quinocay,34686,active,false,2028-03-21,2028-03-25
570,wsteptoeft,Vidnoye,13871,active,false,2028-02-12,2028-02-15
571,snealeyfu,Rudna,69076,active,false,2027-09-27,2027-09-28
572,kvernonfv,Kowŏn-ŭp,26176,completed,false,2028-10-05,2028-10-11
573,ddupreefw,Katori-shi,5429,planned,true,2024-12-12,2024-12-19
574,jwhithalghfx,Mushie,32857,completed,true,2027-02-13,2027-02-15
575,rriseleyfy,Radeče,60063,completed,false,2026-06-26,2026-06-27
576,dtudhopefz,Yangju,93805,active,false,2027-07-25,2027-07-27
577,lbohlseng0,Ruma,95597,active,true,2028-08-16,2028-08-17
578,tcammishg1,Mersam,35455,completed,true,2026-10-24,2026-10-29
579,pemerg2,Łyse,5950,completed,true,2025-07-26,2025-07-28
580,kmccumeskyg3,Caspisapa,56534,completed,false,2028-01-09,2028-01-14
581,gcaudrelierg4,Pagaruša,58434,completed,false,2026-02-28,2026-03-06
582,omusselwhiteg5,San Matías,17073,active,true,2027-12-17,2027-12-20
583,aalldeng6,Mudon,64382,completed,true,2024-12-17,2024-12-20
584,kpointing7,Mutum,12212,active,true,2028-10-14,2028-10-21
585,dtidderg8,San Carlos,22139,planned,true,2025-09-02,2025-09-08
586,mburnhamg9,Pau,22266,completed,true,2028-12-17,2028-12-23
587,estillega,Oslo,63541,planned,false,2026-05-16,2026-05-22
588,rgallahergb,Tuopu Luke,77571,active,true,2025-03-01,2025-03-02
589,lbrickhillgc,Sbikha,78703,completed,false,2028-07-26,2028-07-28
590,jsenecautgd,Khvorostyanka,60911,active,false,2026-01-27,2026-02-02
591,dgozardge,Pucallpa,27852,planned,false,2028-03-21,2028-03-24
592,whealesgf,Youludu Sibage,67364,active,true,2026-07-23,2026-07-25
593,lveelergg,Kansas City,35540,active,true,2028-03-27,2028-03-30
594,mfaltskoggh,Jega,66863,planned,true,2028-10-05,2028-10-06
595,ihargiegi,Mattaldi,99125,planned,false,2026-07-08,2026-07-14
596,mlewensgj,Piotrków Trybunalski,89137,completed,false,2026-10-21,2026-10-24
597,fhoundsomgk,Qunsheng,63389,planned,false,2026-11-28,2026-12-02
598,mogilbygl,Dengfeng,65784,completed,true,2027-08-08,2027-08-15
599,hrudsdalegm,Amassoma,94011,completed,true,2026-04-28,2026-05-05
600,bbrydiegn,Zárkos,35639,completed,true,2025-02-14,2025-02-16
601,wsteelsgo,Marjayoûn,18421,active,true,2025-04-23,2025-04-30
602,kcorneillegp,Samoš,64853,completed,false,2027-11-26,2027-12-01
603,lgallivergq,Shinan,8966,completed,false,2026-03-01,2026-03-02
604,sgrimmettgr,Libon,94149,planned,false,2025-01-27,2025-01-29
605,sdultongs,Lujing Zhen,50926,planned,false,2027-12-02,2027-12-03
606,mcornilleaugt,Sandakan,49338,completed,false,2027-08-08,2027-08-15
607,vkewzickgu,Baitang,60186,active,true,2025-05-16,2025-05-23
608,eobeygv,Yŏnggwang-ŭp,5862,completed,false,2026-06-29,2026-07-04
609,sairdriegw,Jaworzyna Śląska,47388,completed,true,2027-09-18,2027-09-19
610,dbolstridgegx,Bibrka,70372,active,false,2028-03-21,2028-03-27
611,vstedmondgy,Ismailia,23359,completed,true,2026-09-12,2026-09-18
612,mpurdeygz,Rodhítsa,74015,active,true,2028-01-02,2028-01-09
613,tfalkh0,Araraquara,63133,completed,true,2027-06-02,2027-06-07
614,ddannielh1,Mingoyo,15943,completed,true,2028-02-01,2028-02-04
615,hriddochh2,Khallat ad Dār,53129,active,false,2025-09-08,2025-09-15
616,iskelingtonh3,Tizguine,36594,planned,false,2027-10-27,2027-10-31
617,rmcgarrellh4,Týnec,26516,planned,false,2028-02-18,2028-02-20
618,ipothergillh5,Sibulan,512,planned,false,2025-11-13,2025-11-20
619,bwardh6,Rixinhe,34639,planned,false,2027-02-03,2027-02-08
620,cironsh7,Cabouco,73525,completed,false,2028-06-24,2028-06-25
621,ldufaireh8,Vychegodskiy,61790,planned,false,2025-08-15,2025-08-16
622,mtyndallh9,Karlskoga,84091,completed,false,2025-01-28,2025-02-04
623,mdeeryha,Yitang,30628,completed,true,2026-07-08,2026-07-15
624,cpeckhb,Timashëvsk,90197,active,false,2028-10-22,2028-10-24
625,mforresthc,Quankou,64651,active,false,2026-11-05,2026-11-08
626,uwoolfallhd,Limbuš,66170,active,true,2028-07-23,2028-07-27
627,gounsworthhe,Zhubei,87016,planned,false,2028-03-02,2028-03-05
628,slererhf,Maralal,59154,completed,false,2028-12-07,2028-12-14
629,idollinhg,Bojongloa,43092,active,false,2027-12-15,2027-12-21
630,ewelbelovehh,Caburan,75394,completed,false,2028-09-22,2028-09-27
631,pgarhamhi,Yongdong,50394,active,true,2025-07-26,2025-07-31
632,mvarleyhj,Andrijaševci,56359,planned,true,2025-11-20,2025-11-26
633,smurrisonhk,Pinhal General,48040,planned,false,2028-09-09,2028-09-15
634,sshillshl,Căuşeni,81760,planned,false,2025-03-15,2025-03-17
635,nbotwoodhm,Banaba,65472,active,false,2027-09-07,2027-09-10
636,bmacconchiehn,Anse à Galets,9377,planned,false,2028-06-24,2028-06-26
637,bschonfeldho,Yuanguping,24830,active,false,2028-06-11,2028-06-18
638,rthoroldhp,Laagri,12889,planned,false,2025-08-30,2025-08-31
639,gcomihq,Pasirputih,32427,completed,true,2028-11-12,2028-11-19
640,dkubishr,Istres,70265,active,false,2028-04-08,2028-04-14
641,rsteutlyhs,Pegões,28393,active,false,2025-06-03,2025-06-04
642,smccoleht,Paris 02,83516,planned,true,2025-04-03,2025-04-08
643,jwoodlandshu,Březová,50025,completed,false,2027-07-22,2027-07-25
644,acaldecothv,Zarichchya,37924,active,false,2027-12-10,2027-12-13
645,nreacehw,Bålsta,77834,planned,true,2026-03-04,2026-03-10
646,gmollinhx,Богданци,19425,planned,false,2026-12-17,2026-12-22
647,agrunwallhy,Vyshneve,23695,planned,true,2028-09-15,2028-09-18
648,ncrookshz,Tiehe,96493,planned,true,2025-01-17,2025-01-24
649,bheskinsi0,Tsu-shi,44557,active,false,2028-04-07,2028-04-13
650,rahmadi1,Sundsvall,31971,planned,true,2025-02-20,2025-02-21
651,apallisteri2,Xiaxi,20087,planned,true,2026-09-19,2026-09-23
652,rsimmersi3,Guanta,31432,planned,true,2026-08-17,2026-08-20
653,tclemmeni4,Néa Magnisía,42994,completed,false,2026-07-07,2026-07-12
654,smatveyevi5,Buliran,87025,active,false,2025-01-26,2025-01-27
655,bwishkari6,Coxim,81495,planned,false,2026-10-31,2026-11-04
656,ydaintreyi7,Valdice,12163,active,false,2027-08-28,2027-09-02
657,lblackborni8,Novokizhinginsk,6929,active,true,2027-10-25,2027-10-29
658,psisleyi9,Taveiro,34613,active,false,2026-04-11,2026-04-15
659,kallseppia,Khiwa,93283,completed,false,2025-03-01,2025-03-04
660,aantalffyib,Rosario de Mora,84386,planned,true,2028-11-15,2028-11-20
661,rpowdrillic,Kaloyanovo,28644,planned,true,2028-02-09,2028-02-11
662,mminallid,Chroustovice,13961,completed,true,2028-10-11,2028-10-12
663,stomasinoie,Owase,27277,completed,true,2027-05-05,2027-05-12
664,cgoodbournif,Mengdadazhuang,52781,active,true,2028-05-20,2028-05-23
665,idansonig,Horlivka,64408,planned,true,2026-10-02,2026-10-03
666,ehaldonih,Salamanca,28040,active,true,2027-10-08,2027-10-14
667,hbalchii,Komorów,77332,completed,false,2026-03-29,2026-03-31
668,ashafierij,Hulitu,13175,planned,false,2028-04-01,2028-04-08
669,kdawburyik,Atiquizaya,52628,active,true,2027-11-30,2027-12-06
670,tmechellil,Jiangdulu,3304,planned,false,2027-09-04,2027-09-11
671,mtejeroim,Tongyangdao,53875,active,true,2027-08-29,2027-09-03
672,hpegrumin,Sainte-Thérèse,50118,completed,false,2025-07-04,2025-07-08
673,schipmanio,Libmanan,53858,completed,true,2025-04-28,2025-05-02
674,ddelicateip,Lincoln,13804,planned,true,2028-08-12,2028-08-19
675,slorkingiq,Montepuez,71687,active,true,2027-03-19,2027-03-20
676,rclawsonir,Srunikrajan,32322,planned,false,2026-01-12,2026-01-13
677,bhorsewoodis,Wakaseko,1883,completed,true,2026-06-28,2026-07-04
678,claurencotit,Montigny-lès-Metz,67622,active,true,2028-03-11,2028-03-14
679,sroggieriiu,Zbraslav,11982,completed,false,2027-11-15,2027-11-22
680,acamilleriiv,Lezhë,96764,planned,false,2025-09-23,2025-09-25
681,agallicoiw,Victoria,94021,active,false,2027-12-02,2027-12-05
682,lleicesterix,Fort Worth,69389,completed,false,2026-11-26,2026-11-29
683,nbanhamiy,Krinichnaya,48189,planned,true,2025-09-07,2025-09-09
684,fgibbettsiz,Nakuru,56420,completed,true,2027-08-25,2027-09-01
685,sjozwikj0,Zhongba,22752,active,true,2026-03-04,2026-03-08
686,rwarderj1,Białobrzegi,41597,active,true,2025-09-27,2025-09-30
687,cdolbyj2,Mucuri,87659,completed,true,2025-03-29,2025-04-04
688,ocollipj3,Yangqiaodian,54150,active,true,2025-11-19,2025-11-22
689,btapscottj4,Riangwale,21075,planned,true,2026-07-05,2026-07-08
690,vhassellj5,Buckland,87706,active,true,2027-12-05,2027-12-12
691,lpeacopj6,Huashi,81919,active,true,2027-04-04,2027-04-11
692,enorvellj7,Banjar Beratan,7097,active,false,2027-09-06,2027-09-09
693,cinnottj8,Dizhai,73017,completed,false,2025-04-25,2025-04-29
694,hshrivej9,Plaisir,44039,planned,true,2026-04-28,2026-05-03
695,kscaddenja,Junxi,29407,planned,false,2026-04-30,2026-05-06
696,hjurajb,Qŭrghontepa,1304,completed,true,2027-01-13,2027-01-15
697,emcnaughtjc,San Jose,50320,planned,true,2025-04-19,2025-04-22
698,ajantzenjd,Małdyty,29057,planned,true,2027-07-22,2027-07-27
699,slowesje,Mekarsari,59031,completed,false,2026-02-26,2026-03-04
700,melderidgejf,Östersund,12589,completed,false,2026-12-14,2026-12-19
701,tcolejg,Xinhe,64577,planned,false,2025-01-24,2025-01-27
702,lnewhousejh,Cumba,18741,completed,false,2028-08-31,2028-09-03
703,msesserji,Nangalisan,64309,completed,true,2028-04-18,2028-04-24
704,cnickolesjj,Heping,20128,planned,false,2028-08-11,2028-08-16
705,rgilfordjk,Sukamulya,72275,active,true,2027-12-10,2027-12-11
706,sshilitojl,Daguma,88183,completed,false,2025-06-30,2025-07-03
707,gmonkmanjm,Końskowola,72201,active,false,2027-09-27,2027-10-03
708,gferreojn,Ozatlán,44783,active,true,2027-11-15,2027-11-21
709,hcopnerjo,Mount Frere,36772,completed,false,2028-07-11,2028-07-17
710,veddowesjp,Columbus,80406,active,true,2025-12-22,2025-12-26
711,smattevijq,Hannover,36216,completed,false,2028-08-20,2028-08-27
712,fmcalarneyjr,Oslo,48489,active,true,2025-05-14,2025-05-15
713,esidworthjs,Jingchuan,65647,active,false,2025-03-24,2025-03-27
714,ksholljt,Oesao,90801,completed,true,2028-05-22,2028-05-24
715,vbrisseju,Laolong,25913,planned,false,2027-07-29,2027-08-05
716,ygounardjv,Shuiyang,48565,planned,true,2028-11-21,2028-11-22
717,abreffittjw,Datarnangka,59685,planned,true,2026-01-21,2026-01-23
718,abrecknockjx,Voronezh,27035,active,true,2027-12-14,2027-12-18
719,ggrundeyjy,Kudang,34179,active,false,2028-07-18,2028-07-22
720,kduckerjz,Cereté,75182,planned,true,2027-11-23,2027-11-25
721,eflemmichk0,San Carlos,19698,active,false,2028-07-18,2028-07-25
722,asneakerk1,Magdug,94739,completed,true,2027-11-25,2027-12-02
723,rmccaddenk2,Driefontein,49309,planned,false,2027-09-10,2027-09-16
724,ilightollerk3,Busuanga,51264,planned,true,2027-07-07,2027-07-08
725,awallsamk4,Anhua,58560,completed,false,2027-10-31,2027-11-05
726,khembryk5,Koz’modem’yansk,26891,active,false,2025-12-08,2025-12-15
727,mhunstonek6,Nguékhokh,11415,completed,false,2025-05-23,2025-05-24
728,ahightownk7,Nanping,92955,completed,true,2025-11-10,2025-11-16
729,lmclarenk8,Kokubunji,70410,planned,false,2028-02-21,2028-02-27
730,fnanok9,Xuancheng,81615,planned,true,2028-08-19,2028-08-26
731,tattwoulka,Catolé do Rocha,7316,planned,true,2026-02-10,2026-02-15
732,lambagekb,Miaoling,17487,active,true,2026-08-25,2026-08-31
733,rgilhouleykc,Wendengying,15241,completed,false,2025-01-18,2025-01-19
734,ihamlingtonkd,Longfeng,6348,completed,false,2025-08-22,2025-08-23
735,logradyke,Hövsan,384,planned,false,2026-08-28,2026-09-01
736,omargarsonkf,Tramandaí,27919,completed,false,2028-12-09,2028-12-16
737,bseabridgekg,Ishimbay,56776,planned,true,2025-11-08,2025-11-09
738,ecatherallkh,Tambo,41793,planned,true,2026-03-27,2026-04-03
739,beliassenki,Quận Tân Phú,69789,planned,true,2025-12-11,2025-12-15
740,jpuckrinkj,Pasanggrahan,64336,completed,true,2027-02-22,2027-02-27
741,thuskekk,Tangzha,43773,planned,true,2025-12-18,2025-12-22
742,icraighillkl,Brusartsi,77062,completed,true,2025-11-05,2025-11-06
743,npatullokm,Élancourt,2877,active,false,2027-11-25,2027-11-27
744,jdenisetkn,Zelenoborskiy,64349,active,false,2026-04-09,2026-04-13
745,kcastillonko,Peimei,83638,completed,true,2027-11-09,2027-11-13
746,fhoonahankp,Versailles,96464,planned,true,2025-12-29,2026-01-03
747,eberrimankq,Kupchino,91954,completed,false,2026-02-21,2026-02-23
748,bweekkr,Bergen,73880,planned,true,2028-02-26,2028-02-29
749,arassellks,Qinghua,63516,active,true,2025-10-05,2025-10-12
750,htreadgearkt,Tanumshede,81062,planned,true,2026-09-23,2026-09-29
751,nspeedyku,Fort Portal,66864,planned,false,2026-01-08,2026-01-13
752,bbramichkv,Gujiang,84134,active,false,2025-11-17,2025-11-18
753,miwanickikw,Sinop,17232,completed,false,2027-08-21,2027-08-25
754,kgreatlandkx,Vale da Bajouca,59556,completed,true,2025-06-08,2025-06-13
755,bandrusyakky,Kumo,50738,active,true,2028-06-05,2028-06-08
756,cabbekz,Linpu,38248,planned,false,2025-04-06,2025-04-07
757,ctreweelal0,Verdun,97110,planned,true,2026-09-18,2026-09-22
758,scampl1,Chervyen’,68531,active,true,2028-01-18,2028-01-24
759,abombl2,Evansville,74569,completed,true,2027-01-27,2027-01-30
760,mrickerdl3,Portão,25954,active,true,2026-03-05,2026-03-11
761,bkilbyl4,Witkowo,43973,planned,true,2026-01-22,2026-01-27
762,lrainforthl5,Corinto,59255,active,false,2027-03-07,2027-03-09
763,bsharpousl6,Wiślica,74292,active,true,2027-07-31,2027-08-01
764,uposnettel7,Klembivka,3855,completed,false,2028-03-06,2028-03-12
765,kblumirel8,Langqi,28370,active,true,2026-09-23,2026-09-24
766,rlufkinl9,Euclides da Cunha,33012,active,false,2025-02-19,2025-02-24
767,ascneiderla,Jishi,58464,planned,false,2025-07-12,2025-07-18
768,fmonckmanlb,Vavatenina,12027,completed,false,2028-02-02,2028-02-09
769,ssantelc,Chernigovka,77306,planned,true,2025-02-02,2025-02-04
770,isleithld,Lugouqiao,66578,completed,false,2026-05-03,2026-05-08
771,bbeagenle,Hanfeng,63863,planned,true,2025-07-28,2025-08-02
772,cpetrielf,Cucutilla,79674,completed,true,2028-10-27,2028-10-29
773,msaizlg,Mintang,22093,active,true,2025-02-14,2025-02-19
774,bstickleylh,An Châu,86451,active,false,2026-09-11,2026-09-12
775,rgutersonli,Trâu Quỳ,38112,active,true,2026-05-29,2026-06-01
776,bbenediktovichlj,Tamaulipas,6051,active,true,2025-03-27,2025-03-31
777,fgendrickelk,Lucban,14392,active,true,2027-02-27,2027-03-04
778,nkallll,Tenkodogo,16113,planned,false,2027-01-30,2027-02-04
779,pverheijdenlm,Bronx,38504,active,true,2025-05-27,2025-05-28
780,gmarneyln,Zubrzyca Dolna,25518,active,false,2026-07-16,2026-07-22
781,hsimenotlo,Aricagua,8232,active,true,2027-05-19,2027-05-25
782,pingyonlp,Granadero Baigorria,31707,completed,false,2026-06-12,2026-06-13
783,kwolledgelq,Duboka,49172,planned,true,2026-02-20,2026-02-23
784,lrhoddielr,Planaltina,53533,planned,true,2027-03-12,2027-03-13
785,ochesneyls,Višňové,8717,completed,true,2027-01-18,2027-01-19
786,dmcelrealt,Huaraz,33753,completed,false,2026-09-18,2026-09-20
787,cgaskinlu,Mueang Nonthaburi,15879,active,false,2025-10-10,2025-10-12
788,cneilandlv,Manis Mekarwangi,64281,completed,false,2028-05-10,2028-05-12
789,egoardlw,Panay,63124,active,true,2026-06-29,2026-07-01
790,cspourelx,Al ‘Aqabah,136,completed,true,2028-01-22,2028-01-25
791,myirrellly,Babushkin,29405,active,false,2025-06-23,2025-06-26
792,hsummerslz,Corozal,39898,active,true,2026-09-15,2026-09-18
793,azealem0,Valle de Guanape,54665,active,false,2027-04-09,2027-04-11
794,rhorleym1,Överkalix,48742,completed,true,2028-02-09,2028-02-16
795,jkardosm2,Stutterheim,50109,completed,true,2027-09-20,2027-09-23
796,bguilfoylem3,Akashi,31359,active,false,2028-02-02,2028-02-08
797,mbruggerm4,Krajansumbermujur,82851,planned,true,2028-12-06,2028-12-12
798,mhaym5,Vänersborg,57642,planned,true,2027-11-06,2027-11-07
799,tovanesianm6,Porsgrunn,20109,planned,true,2026-05-13,2026-05-16
800,cspaicem7,Buluh Kasap,3716,completed,false,2025-12-09,2025-12-13
801,provem8,Ōtake,82836,planned,true,2025-08-28,2025-08-29
802,kshemwellm9,Khoronk’,23997,active,true,2026-12-19,2026-12-20
803,bberrisfordma,Casal dos Bernardos,56573,planned,true,2025-10-21,2025-10-28
804,csoppethmb,Veltruby,88540,planned,true,2025-06-08,2025-06-14
805,tmaccurleymc,Palumbungan,78937,planned,false,2028-08-09,2028-08-14
806,obuckmastermd,San Francisco,44063,completed,true,2027-12-28,2028-01-03
807,tmacandieme,Linköping,80216,planned,false,2025-08-27,2025-09-03
808,bmarqyesmf,Goussainville,77564,planned,true,2026-11-22,2026-11-28
809,pkrugermg,Charlotte,91629,planned,false,2024-12-29,2024-12-31
810,elydstermh,Cayambe,65080,completed,false,2027-06-26,2027-07-02
811,elichfieldmi,Stráž,96398,active,true,2026-01-12,2026-01-17
812,ascotchmoormj,San Jacinto,23914,active,true,2027-01-07,2027-01-11
813,rwoolpertmk,Kapunduk,21285,completed,false,2028-10-01,2028-10-03
814,wwoolensml,San Simon,8795,completed,true,2027-11-29,2027-12-05
815,bbrickwoodmm,Kubangkondang,65507,planned,true,2027-09-19,2027-09-25
816,afitzalanmn,San Casimiro,27867,planned,true,2027-02-27,2027-03-02
817,jscapelhornmo,Huaqiao,71453,active,false,2025-09-02,2025-09-03
818,jsaddingtonmp,Javhlant,63325,completed,false,2028-05-19,2028-05-25
819,dlandymq,Zhifang,89867,planned,true,2027-03-29,2027-04-04
820,tdecarlomr,Longwy,9033,completed,true,2027-03-23,2027-03-28
821,yharrisms,Bodø,88964,active,false,2025-08-13,2025-08-20
822,mtolchardemt,Pueblo,91128,planned,true,2026-12-03,2026-12-07
823,nwaismu,Tashang,49246,completed,true,2026-09-13,2026-09-17
824,bkennerleymv,Cadagmayan Norte,34704,planned,false,2025-06-20,2025-06-27
825,rposseltmw,Shuikou,437,planned,true,2026-06-15,2026-06-20
826,dlilleymx,Kebon,85459,completed,true,2026-07-13,2026-07-14
827,hblazynskimy,Blimbing,76776,completed,false,2025-11-24,2025-11-28
828,dethridgemz,Toshkivka,14535,planned,false,2027-04-30,2027-05-03
829,hwassungn0,Jobabo,98993,completed,false,2026-03-11,2026-03-17
830,edaverenn1,Alajuela,30715,planned,true,2025-12-14,2025-12-19
831,swishern2,Yangji,83756,active,false,2024-12-26,2024-12-27
832,bbuffyn3,Río Cuarto,75355,active,true,2027-07-09,2027-07-13
833,kbeazen4,Loures,8209,planned,false,2027-02-18,2027-02-19
834,rgilpillann5,Ormstown,33096,active,true,2025-06-13,2025-06-14
835,jvisten6,Medellín,82278,active,false,2025-02-12,2025-02-19
836,lmargerrisonn7,Radocza,86759,planned,true,2025-06-30,2025-07-02
837,brobardeyn8,Aquia,51535,active,false,2025-07-01,2025-07-04
838,jglaziern9,Cerklje na Gorenjskem,47353,active,false,2025-01-02,2025-01-05
839,vomullanena,Norfolk County,54606,planned,false,2025-10-01,2025-10-08
840,gslanynb,Xiaolong,2879,completed,true,2027-04-29,2027-05-04
841,ciacobassinc,Cabaret,28786,planned,false,2027-05-06,2027-05-08
842,tslattennd,Tanjungpecinan Utara,46557,active,false,2028-07-01,2028-07-03
843,srichfordne,Santo Antônio da Platina,37460,completed,true,2026-04-14,2026-04-21
844,mcorkettnf,Rejanegara,81023,completed,true,2026-08-30,2026-09-04
845,keyresng,Wuppertal,66078,planned,false,2028-07-31,2028-08-02
846,dchildesnh,Abbeville,93925,active,false,2027-11-23,2027-11-25
847,cklimkiewichni,Warugunung,62485,planned,false,2027-09-16,2027-09-19
848,bculshewnj,Shantou,70029,active,true,2028-10-15,2028-10-19
849,golmannk,Lunas,754,planned,false,2027-09-11,2027-09-17
850,jcasleynl,Xiyuan,28663,completed,true,2028-03-22,2028-03-23
851,cfletchernm,Camaligan,33599,active,false,2025-10-22,2025-10-29
852,bmarrinernn,Eindhoven,31818,completed,true,2027-08-29,2027-09-03
853,jjaffreyno,Kopayhorod,31931,active,false,2026-12-29,2027-01-03
854,ekrolmannp,Gornji Grad,15858,planned,false,2025-04-07,2025-04-11
855,nruanenq,Carigara,68925,completed,true,2026-01-12,2026-01-18
856,crustenr,Zeewolde,49533,active,false,2027-10-08,2027-10-10
857,pprisleyns,Nacimiento,80935,completed,true,2028-11-14,2028-11-15
858,iliebmannnt,Itupeva,53815,planned,true,2028-03-17,2028-03-18
859,bspikeingsnu,Dalun,61430,planned,true,2025-02-25,2025-03-01
860,ecudbirdnv,Zengtian,72199,planned,false,2027-01-11,2027-01-17
861,fjacquemotnw,Veternik,26032,completed,false,2025-04-05,2025-04-10
862,dpearcynx,Ashgabat,31987,completed,false,2026-04-26,2026-04-29
863,dlebosseny,Cileueur,17740,planned,true,2026-05-28,2026-06-04
864,glilburnnz,Damaishan,69270,completed,true,2027-04-24,2027-04-29
865,fwhitlocko0,Moriguchi,88956,planned,true,2028-09-04,2028-09-06
866,smaneylawso1,Shuibian,16695,completed,false,2028-02-01,2028-02-07
867,nloftso2,Baykonyr,58091,completed,true,2028-03-31,2028-04-07
868,rbrundello3,Bašaid,4889,completed,false,2025-08-01,2025-08-07
869,cmatokhnino4,Xinhang,1940,active,false,2028-11-26,2028-11-28
870,jitzaksono5,Hongqi,94021,completed,true,2025-07-15,2025-07-18
871,kwilliso6,Barg-e Matāl,69479,planned,true,2028-12-09,2028-12-16
872,pholwortho7,Oeba,87039,completed,false,2027-05-27,2027-05-28
873,dgraveyo8,Kiviõli,27248,active,false,2028-12-18,2028-12-20
874,dbonaso9,Rasshevatskaya,94721,completed,true,2028-04-06,2028-04-07
875,sjozwiakoa,Calumpang,62219,planned,true,2026-10-02,2026-10-03
876,adarellob,Angoulême,60479,active,true,2026-09-04,2026-09-08
877,gdoorlyoc,Rennes,74615,active,false,2025-10-03,2025-10-06
878,tstartonod,Huangma,86409,completed,true,2028-11-11,2028-11-17
879,bmacgilleoe,Xom Tan Long,91246,completed,false,2025-02-23,2025-02-26
880,klowranceof,Wangchuanchang,62751,active,false,2025-05-15,2025-05-16
881,nhanburyog,Ambanja,37465,active,false,2027-02-26,2027-03-01
882,vconibearoh,Tabio,4439,completed,false,2028-08-08,2028-08-12
883,cohalleghaneoi,Hecheng,66925,completed,true,2026-11-09,2026-11-12
884,cinnsoj,Ciburial,28569,completed,true,2025-06-03,2025-06-04
885,acraigheadok,Changbai,32347,active,false,2026-09-14,2026-09-19
886,lquartlyol,Tubli,29841,planned,true,2028-08-28,2028-09-04
887,sbraidwoodom,Áyios Vasílios,61957,completed,false,2027-03-09,2027-03-14
888,akeningleyon,Laironja,83902,active,false,2027-09-15,2027-09-19
889,akeyhooo,Xingdian,82395,active,true,2028-10-08,2028-10-15
890,asnalumop,Tagdanua,63702,active,false,2028-11-10,2028-11-15
891,boldroydoq,Yuanjiazhuang,21977,planned,true,2026-04-25,2026-04-27
892,bbuseor,Shchastya,28727,completed,true,2027-12-24,2027-12-30
893,dfeatherstonhaughos,Police nad Metují,48238,planned,false,2026-08-13,2026-08-18
894,bcurwenot,Yanwang,65623,active,true,2028-04-05,2028-04-11
895,ohousegoeou,Dallas,67419,planned,false,2025-06-06,2025-06-11
896,sbreartyov,Ḩabābah,52984,active,true,2027-03-08,2027-03-11
897,lsammesow,Svatava,49064,planned,true,2025-07-02,2025-07-08
898,tincognaox,Emiliano Zapata,32942,active,false,2025-07-10,2025-07-14
899,apotkinsoy,Xinyang,7241,completed,false,2025-10-23,2025-10-30
900,dgrisewoodoz,Willemstad,63554,completed,false,2026-06-25,2026-06-29
901,rtremberthp0,Taquari,48601,completed,true,2025-06-15,2025-06-21
902,djenckenp1,Sabang,98343,planned,true,2027-02-21,2027-02-28
903,pmumbyp2,Sumberkertokrajan,79328,planned,false,2026-11-21,2026-11-22
904,ecorriep3,Grevená,96494,completed,true,2027-08-15,2027-08-19
905,hbraunsteinp4,Fīrūzābād,59366,planned,false,2028-11-14,2028-11-16
906,fwyldesp5,Krechevitsy,84827,planned,false,2025-02-13,2025-02-16
907,cmccuishp6,Mojkovac,67527,active,true,2027-08-21,2027-08-22
908,kyop7,Da-an Sur,91572,active,false,2027-11-25,2027-11-28
909,abangp8,Pedro Carbo,60160,planned,false,2028-04-05,2028-04-09
910,kpotteridgep9,Venado Tuerto,5946,completed,false,2025-04-10,2025-04-16
911,hbouchpa,Quezalguaque,61746,completed,true,2025-01-27,2025-02-02
912,kchaffynpb,Yushikalasu,38633,active,false,2028-08-06,2028-08-09
913,mmartinpc,Zhulan,5671,completed,true,2027-05-02,2027-05-08
914,rhabershonpd,Kālābāgh,25562,completed,true,2028-06-05,2028-06-10
915,dwoollheadpe,Taishanmiao,78222,planned,false,2025-03-24,2025-03-25
916,stuisonpf,Ballymahon,86250,completed,true,2025-09-14,2025-09-20
917,tchadwenpg,Mendī,71170,active,true,2025-07-02,2025-07-03
918,cwentworthph,Chiri-Yurt,31647,completed,true,2028-07-19,2028-07-21
919,lwallacepi,Rizal,80302,active,false,2025-02-22,2025-02-28
920,gbeckerspj,Qiankeng,63774,active,false,2026-01-08,2026-01-15
921,vkillockpk,Sidoaji,25027,completed,false,2028-03-04,2028-03-11
922,rwoosnampl,Murcia,84942,planned,false,2026-12-13,2026-12-19
923,apeoplespm,Changshan,62734,active,false,2028-07-22,2028-07-28
924,ndenhampn,Wutan,47591,active,true,2025-05-01,2025-05-05
925,shorningpo,Sabaneta,7355,completed,false,2026-11-12,2026-11-18
926,gwinslettpp,Hukeng,69989,completed,false,2026-10-02,2026-10-04
927,rnultypq,Lidong,71570,active,false,2027-06-18,2027-06-20
928,idraycottpr,Vrbovec,11758,active,false,2026-09-10,2026-09-11
929,lyarkerps,Porto União,82561,active,false,2027-02-09,2027-02-14
930,rhargatept,Xiaoshanzi,37419,planned,true,2028-03-21,2028-03-28
931,sblagdenpu,Vynohradivka,70620,active,true,2028-10-22,2028-10-24
932,iginnellypv,Horton,11673,active,true,2026-04-30,2026-05-02
933,hpetrescupw,Karmaskaly,12599,active,false,2027-10-07,2027-10-10
934,ksamwayepx,Laspezia,62692,planned,true,2027-12-29,2028-01-03
935,rwetherellpy,Owase,4809,planned,true,2028-09-11,2028-09-17
936,ayansonspz,Renhe,29287,completed,false,2028-02-29,2028-03-05
937,adoorbarq0,Kalmar,40460,completed,true,2027-03-09,2027-03-15
938,kulyetq1,Santa Ana,9947,active,true,2026-02-26,2026-03-05
939,hbifordq2,Malanje,74895,active,false,2028-11-29,2028-12-06
940,apendrichq3,Zlatoust,67017,active,false,2028-03-28,2028-04-01
941,sstraineq4,Colomi,90293,active,false,2026-04-02,2026-04-05
942,sbrocktonq5,Vyshneye Dolgoye,55243,active,true,2027-07-14,2027-07-20
943,dscutterq6,San Francisco de la Paz,51418,active,false,2027-12-28,2028-01-04
944,abattertonq7,Gaofeng,66378,active,true,2027-03-30,2027-04-01
945,zosanq8,Kremenki,43315,planned,false,2027-04-13,2027-04-18
946,hcarabetq9,Boa Vista,75673,active,true,2027-10-08,2027-10-11
947,jkeninghamqa,Sugito,4194,planned,false,2028-09-22,2028-09-29
948,ohumblesqb,Linglong,16349,completed,true,2027-12-28,2028-01-04
949,baylwardqc,Kasoa,77185,completed,false,2026-02-03,2026-02-06
950,fcruickshanksqd,Tân Hòa,15747,completed,false,2027-12-11,2027-12-14
951,cbachanskiqe,Barapas,12708,completed,true,2028-07-11,2028-07-12
952,jpossellqf,Kekeri,94250,active,true,2027-06-03,2027-06-08
953,wreinersqg,Kudara-Somon,89834,completed,true,2025-06-17,2025-06-21
954,dwinspurrqh,Itapevi,33143,planned,false,2025-07-03,2025-07-09
955,cwoodqi,Ratchathewi,94693,planned,true,2027-10-06,2027-10-13
956,frabatqj,Omišalj,96687,active,true,2027-12-11,2027-12-12
957,wmorrantqk,Brasília de Minas,8464,completed,false,2027-10-02,2027-10-07
958,srowlinsonql,Niu,69126,planned,false,2027-06-11,2027-06-14
959,wdunyqm,Gal’bshtadt,82433,completed,true,2027-06-08,2027-06-13
960,cparsonageqn,Portland,41107,active,false,2025-06-21,2025-06-27
961,cheimsqo,Dongting,39869,completed,false,2027-02-06,2027-02-09
962,dwhallqp,Dongjian,35590,completed,false,2024-12-14,2024-12-18
963,ascottiniqq,Mingzhong,55998,planned,false,2028-09-29,2028-09-30
964,agofordqr,Baganha,28569,planned,true,2026-06-20,2026-06-26
965,tmebesqs,Jacupiranga,14320,completed,false,2025-10-27,2025-11-01
966,tblooreqt,Souq Larb’a al Gharb,31533,active,false,2026-10-11,2026-10-12
967,goxtarbyqu,Kanganpur,80960,active,true,2027-12-12,2027-12-14
968,agausonqv,Santa Maria,80612,planned,false,2025-11-23,2025-11-26
969,elyesqw,Jibiya,88127,planned,false,2028-04-07,2028-04-09
970,sfoulksqx,Liuhe,83720,active,false,2028-06-22,2028-06-28
971,vfairfootqy,Tampa,8675,planned,false,2026-05-12,2026-05-19
972,dbrucksteinqz,Montesson,9167,completed,false,2026-03-14,2026-03-21
973,fbrigdenr0,Kabacan,70902,planned,false,2027-05-06,2027-05-11
974,wdevonishr1,Tumbes,60160,completed,false,2028-04-13,2028-04-14
975,rbignellr2,Karang,50065,active,true,2028-04-24,2028-04-28
976,lhucklebyr3,Xiadian,42328,active,false,2026-05-25,2026-05-27
977,mmeaker4,Anaráchi,3115,completed,false,2027-08-12,2027-08-18
978,oroggerr5,Chaparral,91156,completed,true,2028-11-22,2028-11-27
979,preastr6,Turinsk,31659,active,true,2026-06-15,2026-06-16
980,alawrinsonr7,Seiça,73778,active,false,2028-04-05,2028-04-08
981,jfooksr8,Göteborg,40052,active,false,2028-04-04,2028-04-08
982,rfrangletonr9,Nezhinka,42644,planned,true,2025-08-27,2025-09-03
983,lfatharlyra,Vännäs,57927,planned,true,2025-05-17,2025-05-23
984,tbissetrb,Shuangqiao,49204,planned,false,2026-03-17,2026-03-24
985,jkimbroughrc,Umanday Centro,26118,planned,false,2026-01-24,2026-01-25
986,vsackurrd,Mauá,86813,completed,true,2028-08-27,2028-08-28
987,mwippermannre,Uyuni,617,planned,true,2026-04-29,2026-05-01
988,jbettamrf,Sparks,95179,completed,false,2027-10-31,2027-11-04
989,fpeersrg,Raleigh,63112,active,true,2028-10-30,2028-11-04
990,smasseorh,Azurduy,13167,active,false,2027-01-12,2027-01-15
991,tbuskri,Banakaja,80012,active,true,2027-04-02,2027-04-07
992,rmatteaurj,Zlatoust,81736,planned,true,2027-12-16,2027-12-21
993,bberggrenrk,Rancho Nuevo,70225,active,false,2027-11-07,2027-11-13
994,vmacguinessrl,Jammāl,54203,completed,false,2026-06-27,2026-07-02
995,rodorm,Mengeš,40637,completed,false,2026-03-28,2026-03-29
996,cshooterrn,Tsimkavichy,76245,active,true,2027-12-11,2027-12-12
997,prembaudro,Uppsala,51496,active,true,2028-10-23,2028-10-29
998,lwalshrp,Shahrisabz Shahri,21960,active,true,2028-05-07,2028-05-12
999,zgentlerq,Ban Chalong,15455,active,true,2025-05-30,2025-06-04
1000,bthreadgoldrr,Lisakovsk,37450,planned,false,2027-03-18,2027-03-25
