InstructorId,Name,Surname,DateOfBirth,WorkshopDescription,YearsOfExperience
1,Juan,Woodhouse,1953-09-26,1,47
2,Maggee,Union,1939-11-11,1,26
3,Karyn,Chatband,1944-04-12,4,42
4,Brook,Elven,1909-02-12,5,12
5,Philip,Whyler,1919-09-17,6,32
6,Terese,Cranny,2007-07-21,3,18
7,Alasdair,Rankcom,1915-12-08,5,2
8,Cathrin,Augustine,1931-10-05,1,5
9,Maurice,Kidston,1986-06-14,4,15
10,Lisha,Pinsent,1912-08-30,1,28
11,Consuela,Blondel,1911-09-12,5,2
12,Wayne,Ricard,1913-03-09,1,32
13,Anatollo,Munday,1923-04-01,1,3
14,Maurine,Addinall,1951-02-22,5,21
15,Tomi,Privost,1964-07-16,2,8
16,Keefe,Snasel,1962-07-28,3,15
17,Lenci,Raspison,1910-02-02,5,49
18,Berti,Dranfield,1970-09-22,1,18
19,Romain,Rollinshaw,1927-12-05,5,5
20,Ariella,Danaher,1974-04-18,4,21
21,Ingar,Ferrao,1958-04-14,3,12
22,Alasdair,Kuzma,1933-04-28,3,20
23,Georas,Ponsford,1971-02-02,5,26
24,Marlene,Dewsbury,1972-10-15,1,2
25,Kimmi,Leeves,1935-10-10,1,33
26,Norina,Hollyer,1948-08-16,6,15
27,Ashlie,Digger,1940-10-12,6,4
28,Gwyneth,Norcliff,1974-05-23,6,35
29,Con,Persence,1951-12-09,2,12
30,Phaedra,Diggles,1928-07-09,5,50
31,Orland,Vasyutkin,1949-11-27,3,7
32,Maurita,Ridgers,1967-12-23,1,37
33,Jessamine,Raffin,1901-10-03,3,6
34,Arlinda,Bouda,1940-02-08,1,17
35,Anestassia,Nund,1904-08-13,4,48
36,Conni,Vaughten,1925-05-28,4,48
37,Ambros,Janecek,1974-05-08,3,32
38,Kiley,De'Ath,1928-08-15,2,30
39,Felizio,Widdows,1928-03-02,1,11
40,Jereme,Dottrell,1997-08-18,6,4
41,Shannan,Shuttleworth,1995-04-17,4,37
42,Leticia,Perulli,2004-10-13,4,36
43,Bobbette,O'Loughlin,1906-04-05,2,42
44,Silvie,Stoltz,1981-03-08,2,47
45,Lil,Gerretsen,1971-06-17,4,49
46,Keriann,Kuhnke,2000-06-08,5,27
47,Kinny,Stilldale,1977-07-20,6,33
48,Arlyn,Dewerson,1935-12-06,2,10
49,Feodora,Hek,1965-01-19,4,26
50,Durant,Howsan,1955-03-18,6,39
51,Lolita,Smartman,1995-01-18,1,30
52,Sharon,Cheese,1920-05-04,3,45
53,Innis,Filipic,1917-03-19,1,5
54,Adrianne,Kinch,1924-10-15,2,32
55,Casie,Charters,1944-05-17,4,8
56,Ami,Duckitt,1965-12-10,3,5
57,Serene,O' Molan,1911-03-24,4,31
58,Carina,Mauchlen,1971-06-12,4,50
59,Hebert,Sedgemore,1936-05-12,3,38
60,Allie,Bockman,1910-10-29,4,49
61,Mickie,Bertouloume,1906-06-03,1,48
62,Crissy,Coils,1977-12-08,5,42
63,Chelsey,Eddie,1956-08-14,3,41
64,Deonne,Frearson,1986-04-08,1,36
65,Maribeth,Johnke,1973-08-20,5,32
66,Ferrell,Pollock,1983-08-11,4,23
67,Lindy,Thandi,2003-04-20,5,41
68,Raymund,Rebillard,1912-10-06,4,36
69,Asher,Philbin,1929-07-04,1,18
70,Malina,Jeacop,1973-03-02,6,41
71,Kingsly,Hugh,1960-07-01,2,48
72,Felike,Cuddehy,1914-08-26,2,21
73,Nickolai,Ambage,1948-09-04,3,45
74,Philippe,Hollows,1959-02-14,5,22
75,Dorri,Kildale,1934-05-14,3,33
76,Charlie,Moulder,1901-10-21,5,34
77,Aili,Van Dale,1905-10-06,3,12
78,Johann,Kingsnoad,1928-09-16,5,49
79,Philomena,Eayres,1985-08-11,1,20
80,Delainey,Angus,1913-12-26,1,44
81,Stephie,Gerraty,1909-11-12,2,16
82,Taber,Galier,1957-05-18,2,9
83,Hartwell,Scarborough,1984-05-20,4,36
84,Julian,Sindell,1987-08-18,5,30
85,Marta,Davidescu,1948-11-10,1,49
86,Rodge,Menci,1961-09-21,4,2
87,Sophia,Morilla,1983-05-21,3,29
88,Hanna,Pavlata,1997-09-25,6,3
89,Venus,Flanigan,1970-08-26,6,40
90,Olwen,Doubrava,1913-01-04,1,37
91,Adoree,Panton,1998-11-19,5,17
92,Casper,Gidman,1985-10-25,3,50
93,Jay,Hamner,2001-06-01,3,20
94,Benito,Shirlaw,1903-03-28,6,42
95,Friedrick,Oland,1915-04-06,2,47
96,Lyon,Hayball,1967-05-23,3,47
97,Venita,Howood,1999-02-22,4,5
98,Lucius,Sannes,1984-01-26,2,27
99,Sindee,Lukas,1947-06-09,4,34
100,Danit,Groundwater,1978-06-16,3,33
101,Margery,Winch,1910-06-30,6,46
102,Milty,Chalcraft,1979-11-02,1,17
103,Derry,Sends,1985-06-04,3,15
104,Alex,Melby,2002-01-06,3,37
105,Tim,Ridewood,1979-08-05,3,44
106,Berkley,Logsdail,1973-08-25,6,8
107,Devi,Broadist,1914-11-17,4,12
108,Sayre,Vossing,1919-04-26,4,12
109,Ebenezer,Alabaster,1935-03-18,6,46
110,Jacquie,Caddie,1908-04-24,4,9
111,Gratia,Tomczak,1982-03-21,6,11
112,Fancie,Caroline,1921-03-30,2,30
113,Hewet,Garmston,1919-07-02,6,3
114,Ruthi,Bollins,1957-06-01,3,45
115,Kin,Kiefer,1923-11-16,1,31
116,Theadora,Billes,1967-07-14,5,27
117,Muhammad,Hebblewhite,1937-05-12,2,16
118,Fidel,Hastwell,1948-02-05,3,7
119,Stefania,Blofield,1972-01-27,2,45
120,Markos,Lawrinson,1966-10-14,5,40
121,Gilbert,Greenough,1973-02-23,3,7
122,Shaina,Champkins,1990-05-08,1,24
123,Tisha,Jore,1990-11-28,1,17
124,Garvy,Nelsey,1909-02-20,5,38
125,Kristal,De Gregoli,1973-03-03,2,11
126,Rheba,Digan,1919-09-19,4,21
127,Davida,Avrahamian,1900-06-19,5,29
128,Walton,Prattin,1988-08-06,1,5
129,Viviana,Rosenshine,1994-02-05,4,24
130,Fletch,Connechie,1953-04-05,2,28
131,Jimmy,Cartan,1979-10-19,5,26
132,Pip,Kingsnorth,1944-06-03,6,39
133,Trish,Espinos,1941-02-01,5,44
134,Godfree,Godain,1976-04-06,6,15
135,Harp,Gremane,1950-04-21,6,46
136,Percy,Presidey,1902-11-26,4,6
137,Dolph,MacCardle,1949-11-20,1,32
138,Hertha,Ginity,1989-06-19,4,35
139,Auberon,Freire,1929-10-18,3,48
140,Megan,Sharnock,2006-08-07,6,24
141,Leora,Fowlds,1913-11-05,4,48
142,Hashim,Hatwells,1989-09-10,6,15
143,Glori,Dulieu,1995-09-08,6,13
144,Elena,Ritmeyer,1986-07-06,4,39
145,Jolyn,Thor,1935-09-03,4,26
146,Whit,Berling,1903-06-10,6,3
147,Devonne,Deek,1969-12-21,5,16
148,Gerrie,Macveigh,1941-10-30,2,24
149,Leda,Sopp,1957-08-14,1,9
150,Cornela,Southcoat,1976-06-16,3,27
151,Giselbert,Ullrich,1947-06-29,4,28
152,Vinnie,Loakes,1902-09-16,5,19
153,Amber,Barriball,1970-11-26,4,37
154,Hughie,McInerney,1952-11-22,5,8
155,Devlen,Malley,1918-07-23,5,47
156,Chastity,Redish,2002-12-12,6,42
157,Valida,Ridsdole,1953-05-28,6,47
158,Oliviero,Menendez,1928-03-30,3,19
159,Flynn,Ovitts,1941-07-21,5,26
160,Mickie,Giddins,1986-10-09,2,5
161,Debora,Melesk,1950-11-14,5,35
162,Tiffie,Paige,1963-12-05,2,43
163,Suzette,Fareweather,1960-09-25,5,35
164,Tracey,Shwalbe,1950-03-04,3,32
165,Thea,Kyte,1939-03-17,4,31
166,Bobina,McEnhill,1912-06-30,1,6
167,Zora,Heijne,1960-06-08,6,30
168,Bastien,Caroli,1964-08-20,5,33
169,Babs,Hinder,1953-02-14,1,18
170,Conroy,Sunnucks,2006-03-04,4,20
171,Grete,Canavan,2007-08-29,3,14
172,Rowe,Ferguson,2001-10-20,4,41
173,Neville,Gisburn,1979-03-23,5,28
174,Lexi,Bottrell,1909-09-02,3,39
175,Therese,Hallex,1987-02-23,3,43
176,Evin,Korf,2007-05-30,4,10
177,Amberly,Crush,1951-12-04,4,10
178,Clarice,Van der Hoven,1966-02-16,1,9
179,Jessalin,Tetlow,1914-09-22,2,10
180,Tim,D'Almeida,2005-10-13,6,25
181,Malchy,Bernardin,1993-04-18,6,44
182,Cale,Gillbard,1954-11-03,3,35
183,Dana,Vince,1932-02-12,6,28
184,Janeta,Tully,1912-09-26,6,6
185,Garreth,Genty,1973-11-17,2,37
186,Ginevra,Coultar,1914-06-17,1,35
187,Jarred,Cardoo,1966-01-28,1,17
188,Ashien,Yeaman,1962-01-12,3,40
189,Martguerita,Gaw,1978-11-05,3,16
190,Christiane,Snashall,1953-11-18,2,24
191,Dorey,Coyle,2001-07-25,6,25
192,Elinore,Skipper,1933-08-16,5,45
193,Golda,Bengochea,1964-01-26,6,12
194,Alaster,Lynn,1920-06-20,3,35
195,Putnam,Barracks,1923-07-19,6,19
196,Dolli,Orans,1922-09-09,6,19
197,Micky,Skeates,1945-05-17,6,26
198,Thorny,Smee,1962-04-21,6,21
199,Saundra,Braunston,1990-05-03,6,40
200,Rosalynd,Klausewitz,1905-06-14,1,3
201,Niels,Dobrowski,1940-12-16,3,3
202,Erin,Earsman,1962-09-25,4,2
203,Hettie,Snowball,1996-07-27,3,49
204,Michele,Bloore,1923-10-16,3,44
205,Janek,Doge,1968-06-14,2,30
206,Biddie,Bruster,1966-12-31,2,21
207,Gusti,Godfray,1908-01-05,4,6
208,Victoir,Pentin,1909-12-17,2,19
209,Fancy,Puckett,1915-08-13,6,2
210,Zarah,Cornu,1914-01-29,4,20
211,Rand,Prangley,1924-09-01,3,10
212,Adrienne,Mc Giffin,1944-10-22,4,43
213,Cletis,Goolding,1967-05-08,3,31
214,Nichol,Poge,2001-01-07,6,15
215,Gray,Ambrozik,1984-06-27,6,45
216,Killian,Cianni,1906-04-26,3,13
217,Melanie,Willbond,1901-01-06,3,9
218,Nadiya,Awcock,1906-04-20,1,12
219,Muffin,Bensusan,1948-01-01,2,27
220,Mile,Muxworthy,1962-09-20,1,13
221,Kean,Tebbit,1964-03-25,5,40
222,Olympia,Hawkes,1910-08-01,6,2
223,Patrizio,Whyborn,1998-07-27,2,47
224,Minnaminnie,Kaygill,1925-02-08,1,34
225,Albertine,Waddingham,1958-01-22,4,39
226,Minerva,Idill,2000-06-24,3,47
227,Pembroke,Atcherley,1942-05-15,4,8
228,Gideon,Berrygun,2000-07-21,6,41
229,Ayn,Ausello,1909-07-28,5,33
230,Caron,Gorrick,2003-11-15,4,32
231,Eduino,Van Velden,1927-07-09,6,11
232,Rosabel,Wickling,2005-09-01,4,8
233,Elmer,Egdal,1968-05-22,1,47
234,Tricia,Ayris,1973-10-16,4,45
235,Dan,Blockwell,1954-12-22,5,44
236,Cherlyn,Brumbye,1928-06-10,6,3
237,Camey,Pigeram,2005-09-12,1,41
238,Elwyn,Lowden,1963-05-25,2,15
239,Happy,Hagston,1939-11-06,3,3
240,Claire,Vowells,1981-04-21,1,11
241,Marcia,Fiddiman,1965-07-13,3,14
242,Collen,Geddes,1968-10-30,3,31
243,Bartel,Kynd,2001-02-11,5,3
244,Gabi,Swinford,1964-07-01,5,34
245,Reba,Donet,1932-03-15,3,14
246,Shay,Kynnd,1995-06-25,3,38
247,Millard,O' Lone,1993-11-11,2,15
248,Verine,Colls,1916-04-29,6,32
249,Jacquelin,Barrowclough,1947-03-28,6,45
250,Rochella,Tylor,1942-05-21,3,27
251,Mabel,Geertz,1989-07-25,1,40
252,Tildy,MacNulty,1925-03-20,5,42
253,Jacquelyn,Petchey,1966-07-19,1,34
254,Klemens,Dumingo,1921-04-28,5,38
255,Gilbertina,Figurski,1923-12-29,6,32
256,Brocky,Denecamp,1962-02-05,4,38
257,Carmel,Pickworth,1991-11-04,4,12
258,Kore,Kissack,1979-06-22,1,46
259,Toma,Cluatt,2007-09-17,1,17
260,Tobi,Tootin,1992-12-21,3,30
261,Giulio,Asplin,1921-02-08,4,43
262,Marice,Gooders,1947-07-20,4,23
263,Sharla,Riediger,1909-12-28,3,38
264,Shelden,Bassil,1935-11-11,5,9
265,Rosette,Phipps,1915-11-02,1,4
266,Chen,Currington,1970-11-19,2,20
267,Eddy,Clelland,1959-10-30,5,30
268,Bax,Karran,1918-08-09,6,29
269,Blondell,Bugdall,1972-02-12,2,12
270,Dulciana,Hammerberg,2003-02-28,3,46
271,Karlyn,Brands,1984-01-02,6,48
272,Nelly,De Gouy,1946-02-04,5,30
273,Kacey,Harriday,1996-05-01,6,14
274,Sibby,Corssen,2006-04-19,6,25
275,Peder,Hazeldene,1934-08-14,1,40
276,Colette,Hakewell,1919-12-31,6,30
277,Karim,Jarman,1966-02-18,2,46
278,Daisi,Shortt,1946-03-06,5,48
279,Neddy,Cassie,1989-06-03,2,46
280,Ellette,Olivazzi,1921-05-17,4,47
281,Berton,Faber,1963-01-13,2,25
282,Reidar,Ivic,1997-09-04,2,8
283,Lavina,Pichan,1938-06-22,5,8
284,Malanie,Diggell,1983-07-25,6,31
285,Polly,Renne,1953-09-28,2,44
286,Trace,Gansbuhler,1976-05-05,5,45
287,Tamqrah,Teague,2000-03-03,1,2
288,Rhodie,Jays,1962-01-16,6,31
289,Patric,Legonidec,1929-05-20,3,23
290,Urbain,Banaszewski,1944-02-24,4,12
291,Abbi,Peche,1965-01-22,6,49
292,Jaclyn,Dundon,1938-08-08,2,13
293,Florinda,Schole,1928-09-16,5,19
294,Odelinda,Dunhill,1900-07-12,2,7
295,Elton,Cowthart,1958-10-29,2,38
296,El,Hellyer,1926-07-22,2,38
297,Cassie,Crews,1978-03-15,6,21
298,Gunilla,Mundall,2004-03-05,2,20
299,Eal,Halpen,1993-08-19,4,25
300,Ossie,Bauld,1902-02-01,1,31
301,Patricia,Taynton,1944-04-05,5,30
302,Dyanne,Cleminshaw,1953-12-04,6,43
303,Helaine,Vedntyev,1958-06-16,2,38
304,Shaylynn,Pidon,1963-01-10,5,40
305,Alfonso,Bereford,2006-10-21,3,42
306,Emory,Confait,1900-11-11,4,24
307,Justine,Griggs,1933-07-31,3,27
308,Jeannie,Scapens,1939-02-02,4,15
309,Greggory,Buffery,1906-01-19,3,24
310,Carr,Duffil,1933-03-28,2,26
311,Sean,De Vere,1959-03-16,1,21
312,Barbette,Bonome,1930-10-10,4,14
313,Regine,Alwen,1945-05-12,2,48
314,Augustin,Zealander,1918-03-11,2,6
315,Gillan,Dax,1914-06-27,2,18
316,Claretta,Flannery,1927-05-17,2,26
317,Ladonna,Hebson,1930-12-31,1,32
318,Joni,Muehler,1938-07-24,6,27
319,Eleanor,Teml,1992-06-25,4,38
320,Franky,Upshall,1902-01-31,6,40
321,Alexina,Stallybrass,1956-02-12,6,19
322,Othilie,Dinwoodie,2000-02-04,2,33
323,Krishnah,Scripture,1941-03-08,1,24
324,Cora,Jonk,1913-04-27,6,2
325,Enriqueta,Fontin,1986-04-17,3,31
326,Zorina,Davenall,1956-02-20,6,37
327,Gram,LLelweln,1930-01-02,6,31
328,Olin,Royston,1906-03-04,6,37
329,Lil,Dommerque,1907-02-10,4,48
330,Ryan,Bum,1993-09-10,2,38
331,Glenden,Island,1977-03-01,3,7
332,Kippy,Sudworth,1973-06-05,1,26
333,Mace,Muris,1978-09-14,3,43
334,Foss,Shavel,1946-01-11,2,26
335,Julie,Loder,1995-10-23,3,7
336,Enrico,Spoole,1933-07-28,4,33
337,Harcourt,Kencott,1936-04-05,2,4
338,Minerva,Creavin,1982-02-15,1,10
339,Carri,Rheam,1929-10-26,2,22
340,Lesley,Billion,1948-07-05,6,36
341,Laurette,Cronk,1922-03-12,2,12
342,Waylin,Ertelt,1972-10-06,2,11
343,Arlin,Canet,1965-08-27,4,4
344,Gusta,Macer,1934-06-24,5,47
345,Kylila,Morales,1968-03-13,2,39
346,Zaneta,Barrat,1999-11-12,2,28
347,Rebecca,Gisbey,1971-08-21,3,20
348,Correy,Kloster,1957-05-26,5,10
349,Kristoffer,Inglese,1928-03-28,1,46
350,Danica,Anfonsi,1965-08-12,1,28
351,Elisha,Bartalot,1965-01-04,2,43
352,Denys,Everall,1966-11-28,2,46
353,Perla,Wickett,1928-11-13,3,37
354,Debra,Bree,1917-04-22,6,22
355,Leoline,Corbyn,1973-08-01,5,37
356,Sammy,Hallad,2002-07-25,1,45
357,Marchall,Franzonello,1989-05-08,5,5
358,Eleonore,Grumbridge,1976-11-15,6,15
359,Erin,Dalgarnocht,1969-04-08,5,27
360,Arlena,Hearons,1938-02-08,5,23
361,Ivor,Martinek,1937-06-22,2,38
362,Weber,Chellingworth,1944-04-03,3,28
363,Goddart,Milverton,1937-07-21,6,24
364,Kareem,Gaffer,1983-12-10,5,27
365,Janot,Waything,1918-06-18,6,37
366,Sawyer,Deveraux,1945-10-01,5,26
367,Lanie,Goodinson,1987-07-11,3,35
368,Kathryne,Kleinsmuntz,1904-05-02,1,10
369,Gladi,Onraet,1920-10-04,2,49
370,Melanie,Vokes,1958-09-11,2,12
371,Laural,Yoakley,1993-10-12,5,23
372,Olympe,Connerry,1931-02-07,5,19
373,Wileen,Spilisy,1950-03-29,3,42
374,Veriee,McMeeking,1902-12-29,2,40
375,Waldo,Twydell,1927-07-24,4,19
376,Cece,Wycliffe,2000-09-02,3,5
377,Iolanthe,Dulen,1915-08-25,5,47
378,Hilario,Hubbucke,1998-02-05,3,22
379,Vitoria,McLaren,1978-04-12,6,38
380,Margette,Attlee,1986-09-20,5,47
381,Dorey,Hatherley,1975-11-26,4,10
382,Burch,Ruddiman,1965-06-22,2,32
383,Cathie,Outerbridge,1930-05-12,3,37
384,Batsheva,Easterbrook,1944-03-14,3,34
385,Jordan,Mulvihill,1929-03-22,3,33
386,Babs,Brighouse,2007-08-20,1,44
387,Valentino,Drabble,1971-10-18,6,8
388,Roch,Downse,2005-12-07,2,7
389,Josselyn,Ambrogetti,1910-07-05,6,17
390,Lowrance,Purslow,1977-05-03,2,46
391,Worden,Alderwick,1941-12-14,2,13
392,Quincey,Effaunt,1961-03-28,5,39
393,Melesa,Philipp,1996-01-10,6,41
394,Hobie,Acaster,1991-12-07,4,37
395,Felicdad,Bembrigg,1933-08-25,1,46
396,Rochella,Lawtey,1962-01-24,2,41
397,Westleigh,Coucher,2007-07-10,2,11
398,Laurice,Fulks,1969-04-09,6,11
399,Fitz,Trenholm,1960-08-19,6,9
400,Mercie,Clac,1976-07-01,3,23
401,Judas,Struss,1942-05-17,5,28
402,Roddy,Chitham,1964-09-05,4,6
403,Ashlie,Gabbitas,1989-01-17,1,17
404,Gerald,Petrecz,1929-01-09,3,24
405,Barton,Riccardi,1949-10-08,4,50
406,Mufinella,Faccini,1967-02-03,1,34
407,Wendeline,Barehead,1935-08-31,5,18
408,Blondy,Haldene,1909-04-12,5,43
409,Faina,Dominighi,1932-01-10,5,49
410,Dyan,Meeks,1983-04-14,6,17
411,Eugen,Ambrosoli,1931-12-26,5,11
412,Becky,Stovell,2004-04-07,5,33
413,Tome,Jendrusch,1928-04-26,6,50
414,Dael,Vitall,1951-11-13,3,5
415,Modestia,Beeden,1965-02-02,3,20
416,Judas,Larkin,1934-06-30,3,36
417,Meier,MacGillavery,1999-02-02,2,24
418,Anabella,Antham,1978-08-20,3,13
419,Louisa,McFadzean,1935-05-23,4,39
420,Frederik,Novichenko,1936-02-02,3,30
421,Dyanne,Quainton,1906-12-06,3,27
422,Pattin,Hawse,1926-11-14,4,18
423,Benito,Tumioto,1910-07-25,5,45
424,Suzie,Cleveland,1982-03-06,5,25
425,Fayre,Prestie,1974-04-26,2,40
426,Daniele,Ovitz,1922-04-02,6,22
427,Sarena,Fishbourn,1962-06-10,6,3
428,Betteanne,Christophers,1988-12-15,5,42
429,Rabi,Astell,1926-12-24,3,19
430,Fletcher,Vasyushkhin,2002-08-18,5,31
431,Dody,Kellaway,1913-05-18,2,34
432,Isak,Andresser,1921-02-22,6,11
433,Anna-diane,Sumnall,1946-12-20,6,33
434,Naomi,Charrisson,1902-06-24,1,41
435,Marisa,Camelli,1977-12-26,1,17
436,Lars,Blasli,1965-02-18,1,37
437,Friedrich,Plank,1958-06-13,5,40
438,Yank,Doog,1987-12-07,6,17
439,Avery,Macy,1972-06-12,2,46
440,Hamlen,Alderwick,1998-10-16,2,23
441,Philbert,Larder,1910-05-10,3,33
442,Karee,Quickenden,1987-11-18,1,45
443,Quill,Braffington,1960-03-13,4,45
444,Marten,Lusher,1901-06-05,1,16
445,Waylin,Phidgin,2003-06-28,1,29
446,Daniel,Wadesworth,1920-04-27,5,45
447,Oliy,Jenner,2006-06-16,1,5
448,Viola,McGow,1995-11-28,1,50
449,Garold,Greenham,1987-11-06,4,50
450,Jeanette,Woodland,1916-11-21,3,4
451,Darn,Scolland,1947-10-29,6,30
452,Amandy,Shill,1988-04-05,4,3
453,Benn,Comerford,1976-05-11,4,34
454,Jarvis,Hayfield,1902-05-24,6,47
455,Xymenes,Schimek,1938-11-13,5,7
456,Lisbeth,Kendrick,1906-08-24,5,46
457,Alisha,Spatarul,1960-11-10,5,33
458,Jerry,Barthot,1988-09-23,2,35
459,Galvan,Doige,1915-09-01,1,37
460,Bruis,Bartkowiak,1963-12-24,1,44
461,Shirl,Momford,1960-02-28,5,8
462,Pavlov,Maith,1903-08-25,2,38
463,Leda,Chesley,1999-07-06,6,16
464,Sandra,Dittson,1973-03-23,1,3
465,Myrah,Greenroyd,2005-12-01,4,47
466,Tripp,Petricek,1909-02-20,3,5
467,Ashla,Blowfield,1900-10-31,2,14
468,Lilah,Summerton,1999-08-24,2,2
469,Kylila,Kirwan,2004-11-15,1,45
470,Stuart,Gregg,1941-01-14,1,15
471,Nathanial,McKeeman,1971-03-02,6,48
472,Bertrando,Baillie,1901-11-15,5,21
473,Rorie,Thirwell,1999-05-24,5,3
474,Elvera,Papworth,1958-08-13,5,27
475,Mirabella,Arunowicz,1919-08-25,1,28
476,Dorolice,Newborn,1992-09-08,2,28
477,Catharina,Gaudin,1912-09-25,5,30
478,Joeann,Stut,1972-04-08,4,31
479,Pepillo,McGruar,1999-12-07,6,34
480,Grant,Howey,1914-08-11,5,9
481,Riki,Campa,1983-09-11,1,3
482,Reynold,Closs,1901-07-28,3,36
483,Rozanna,Baughen,2000-10-04,5,12
484,Earl,Abbots,1905-02-13,6,23
485,Cathryn,Momery,1952-08-20,5,45
486,Hurley,Dowsey,1968-07-10,4,46
487,La verne,Pauwel,1972-11-24,4,10
488,Kinnie,Filimore,1990-02-03,4,38
489,Etienne,Rowbotham,1988-12-10,2,11
490,Veda,Speak,2002-01-02,5,45
491,Grantley,Symmers,1910-01-27,5,36
492,Will,Gout,1927-06-27,2,30
493,Kissee,Rosenzwig,1920-11-20,2,47
494,Vanya,Poker,1919-10-24,3,40
495,Leila,Furtado,1942-04-08,4,18
496,Magdalena,Pescud,1962-07-20,4,12
497,Teodoro,Larmett,1947-06-27,6,9
498,Francois,Absalom,1977-07-12,3,18
499,Phedra,Jessard,1948-04-07,3,18
500,Cathy,Goodlet,1978-05-21,2,17
501,Angelia,Luto,1959-07-11,5,41
502,Giulio,Signore,1968-01-28,4,13
503,Hedda,Hardiman,1931-02-07,4,22
504,Ardenia,McElvine,1954-09-07,5,9
505,Bendick,Stronghill,1922-06-30,6,35
506,Talya,Soloway,1965-10-09,1,43
507,Rosabella,Vanyukhin,1978-09-06,6,49
508,Ulla,Ashmore,1963-11-16,5,12
509,Zeke,Meach,1960-04-07,5,32
510,West,Feehely,1977-06-13,6,49
511,Aundrea,Simanenko,1925-08-06,3,43
512,Gordy,Ringham,1989-08-22,4,12
513,Chandler,Veeler,1990-07-02,4,10
514,Haleigh,Cullagh,1952-01-28,6,21
515,Harlan,Iwaszkiewicz,1966-12-10,2,22
516,Candide,Flores,1966-08-19,4,13
517,Yetta,Wharby,2005-04-23,1,24
518,Janel,Perri,1917-03-10,4,37
519,Jessie,Abela,1933-07-04,6,33
520,Lynnell,Orrobin,1938-05-09,6,46
521,Jacquelin,Hawking,1961-01-31,1,36
522,Marsha,Epgrave,1928-02-09,5,9
523,Louise,Conduit,1998-06-23,3,41
524,Lambert,Fyndon,1979-04-17,6,37
525,Beilul,Gilbank,1902-01-07,2,15
526,Lamar,Pitcock,2005-08-12,3,2
527,Dre,Clayworth,1997-01-11,4,12
528,Judi,Maplethorp,1969-12-16,2,15
529,Lombard,Thorington,1953-02-28,3,19
530,Giffy,Whithalgh,1971-01-10,1,34
531,Arlette,Herche,1939-05-18,4,8
532,Brand,Ewols,1999-10-09,5,40
533,Oliviero,Blackaller,1975-01-28,2,3
534,Wynn,Petruskevich,1957-03-07,6,41
535,Carola,Broose,1984-02-17,5,32
536,Cletis,Orrow,1932-05-30,6,47
537,Daron,Sailes,1993-09-24,4,38
538,Traci,Mangeot,1910-09-05,2,24
539,Aurelie,Reuter,1942-09-29,2,43
540,Bendicty,Muttock,1952-05-03,2,22
541,Elbertina,Dohrmann,1942-10-01,4,25
542,Shawna,Eivers,2002-06-29,6,47
543,Daniela,Harle,1904-07-01,6,48
544,Freeman,Aronow,1952-06-15,1,24
545,Henrietta,Biggadyke,1961-06-10,4,3
546,Jenine,Fittes,1985-04-22,1,29
547,Katie,Cranshaw,1975-07-21,2,22
548,Peggie,Penswick,1975-03-19,3,47
549,Wilburt,Agastina,1966-06-09,5,8
550,Corabel,Farncomb,1926-04-06,1,34
551,Amabelle,Dummigan,1968-03-03,1,43
552,Lulita,Sparway,1967-05-23,6,6
553,Bonny,Leathley,1971-04-20,5,7
554,Shina,Leyborne,1949-03-18,3,29
555,Timmy,Oades,1977-05-02,4,3
556,Frannie,Kinnaird,1964-01-27,3,6
557,April,Gossage,1983-07-02,3,17
558,Linn,Duddridge,1948-07-10,2,12
559,Robinet,Meekins,1900-03-05,4,21
560,Ashbey,Bathow,1935-11-05,1,16
561,Sammy,Gobourn,1952-06-07,2,5
562,Devlen,Jellicorse,2005-12-03,3,18
563,Angeli,Redemile,1908-02-08,5,11
564,Luther,Charity,1931-01-29,2,39
565,Meggi,Kanter,1927-10-25,6,42
566,Timmi,Auston,1964-05-31,5,19
567,Blaine,Powlesland,1975-01-26,4,25
568,Hyacinthie,Chazelle,1900-10-19,2,11
569,Gaylor,Kunzel,1997-07-23,5,42
570,Way,Snookes,1932-11-05,1,41
571,Cecil,Boler,1920-10-06,5,5
572,Emmalynn,Biddle,1970-03-28,3,43
573,Grazia,Boate,1959-04-17,3,3
574,Ikey,Gobel,1958-07-19,1,7
575,Jonathon,Jeanet,1996-05-20,1,41
576,Schuyler,Bartocci,1907-02-07,6,20
577,Rhiamon,Peggrem,1990-12-14,4,27
578,Phip,Hawarden,1948-04-01,2,15
579,Gideon,Filipputti,1967-12-29,1,22
580,Mateo,Kenna,1913-03-08,2,25
581,Grenville,Dodman,1944-06-24,2,30
582,Cory,Acomb,1956-07-10,5,9
583,Trevor,Laphorn,1934-06-01,1,47
584,Betteanne,Lemm,1963-12-20,5,40
585,Dede,Brydon,1959-03-27,4,31
586,Melony,Glasser,1997-07-01,5,17
587,Cherice,Cockill,1904-06-06,1,21
588,Suzanne,Mussett,1979-03-19,4,36
589,Myrta,Gladbeck,1927-03-13,4,43
590,Emera,Goodswen,1933-10-02,6,44
591,Neely,Pesak,1921-08-20,1,6
592,Siward,Nolan,1940-05-09,1,12
593,Terri-jo,Leadstone,1989-02-08,5,27
594,Joanne,Paragreen,1921-05-02,3,33
595,Zea,Shenton,1949-12-25,3,2
596,Danielle,Vicar,1905-08-21,3,25
597,Xaviera,Croisier,1939-07-19,3,3
598,Mitchel,Waddingham,2003-10-29,3,22
599,Kirby,Valentim,1999-05-30,3,27
600,Belia,Kinder,1913-06-18,3,4
601,Lombard,Surgeoner,1992-09-24,4,18
602,Kai,Fairlamb,1959-05-01,5,38
603,Claiborne,Cornils,1918-05-11,6,38
604,Aile,Loads,1912-04-28,5,33
605,Adi,Rugieri,1959-04-11,1,39
606,Ad,Tuxwell,1978-09-18,2,49
607,Maribeth,Andrzejczak,1947-11-18,2,4
608,Dora,Frayne,1929-04-26,6,37
609,Meier,Doerrling,1925-06-01,6,13
610,Janeczka,Minchindon,1993-08-19,3,37
611,Joey,Perris,1917-12-10,5,22
612,Beauregard,McClarence,1987-03-25,4,50
613,Twyla,Bulger,1977-03-14,6,20
614,Arther,Polotti,1958-09-02,6,48
615,Pollyanna,Ferruzzi,1913-12-21,4,21
616,Kelvin,Tulleth,1992-10-18,4,39
617,Flo,Whall,1916-11-29,3,35
618,Denney,Keppy,1971-11-26,3,47
619,Tootsie,Beining,1995-01-08,5,25
620,Frazier,Enrietto,1981-06-15,1,13
621,Ashton,Beams,1932-01-24,5,35
622,Reeta,Nucci,2005-05-27,1,36
623,Renate,McCathy,1921-09-05,3,2
624,Tatiania,McGarrell,1984-04-22,3,30
625,Eduard,Kyneton,1909-10-18,1,38
626,Stevena,Late,1953-02-18,5,33
627,Odille,Romayne,1927-11-23,4,33
628,Trenna,Tillett,2006-10-14,1,25
629,Issy,Garrity,1925-12-10,5,27
630,Alexio,Molen,1916-02-22,6,38
631,Thoma,Muncey,1924-07-05,5,46
632,Gianina,Ledes,1902-12-03,4,10
633,Janeta,Jesse,1905-10-29,5,13
634,Tabbie,Guppie,2001-03-26,6,28
635,Lyn,Gloyens,1924-04-13,6,23
636,Tera,Digger,1993-01-18,5,6
637,Darcee,Tripet,1903-02-02,5,50
638,Arabelle,Antliff,1953-05-21,1,48
639,Cariotta,O'Dowgaine,1945-12-11,1,16
640,Amalie,Stonehewer,1924-07-19,4,31
641,Norri,Breen,1983-07-18,1,30
642,Roana,Cakes,1937-12-17,5,37
643,Nadya,Sugge,1938-12-12,6,41
644,Ronda,Callington,1933-03-08,5,31
645,Lizabeth,Govett,1959-03-09,5,26
646,Myrlene,Quirke,1998-09-04,1,9
647,Melantha,Brocklebank,1964-10-21,5,12
648,Devi,McColl,1913-01-04,6,30
649,Catherin,Darnody,1966-09-06,1,9
650,Gradeigh,Caiger,1984-10-28,3,16
651,Barde,Thomsen,1977-11-01,2,9
652,Malissia,Campbell,1912-11-26,5,4
653,Pren,Aicken,1918-04-10,4,39
654,Pru,Cleverley,1948-10-14,5,24
655,Alyda,Bielfeldt,1943-07-03,1,40
656,Cindelyn,Kinder,1973-07-15,1,10
657,Durward,McVeigh,1991-01-20,3,24
658,Lotta,Midson,1975-10-06,1,36
659,Alden,Abramowitch,1996-12-23,3,25
660,Raquela,Egdell,1980-06-30,3,49
661,Baldwin,Jewks,1972-01-18,5,46
662,Chrotoem,Galliard,1980-02-02,5,20
663,Ingamar,Clubley,1969-01-17,3,4
664,Vally,Whether,1991-08-17,3,16
665,Rickey,Goodluck,1945-02-08,5,43
666,Astrid,Tesdale,1902-10-16,1,46
667,Gawen,Pleager,1924-07-26,6,47
668,Vachel,Waterman,1912-11-04,5,18
669,Alf,Wayon,1934-10-25,2,7
670,Dione,Midghall,1966-04-03,4,6
671,Kania,Storrie,1970-03-16,6,18
672,Shaw,Dyers,1999-08-30,4,31
673,Griselda,Bertelmot,1965-11-01,5,49
674,Eberhard,Pooke,1923-08-22,3,3
675,Lyssa,Grzelczak,1909-05-29,2,42
676,Lenee,Appleyard,1985-10-22,1,39
677,Stephie,Turmel,1912-12-03,3,46
678,Maris,Hurles,1955-01-06,1,19
679,Jon,Bedham,1957-01-15,5,37
680,Thalia,Sheryn,1907-05-07,2,36
681,Hube,Hazelby,1990-06-18,1,17
682,Dorthy,Jeffs,1928-04-08,4,14
683,Cherice,Sidnall,1920-04-05,6,15
684,Dyane,Egginton,1937-07-06,1,29
685,Rozalin,McGloin,1950-01-17,4,41
686,Megen,Bindley,2004-09-27,6,27
687,Boote,McLeese,2002-03-30,6,39
688,Jeniffer,McAuley,1903-04-25,3,17
689,Etta,Latimer,1965-03-21,6,28
690,Mata,Grigs,1977-12-11,4,17
691,Helaine,Dreye,1911-03-27,5,21
692,Danit,Nardoni,1972-05-23,1,36
693,Lionello,Scare,1998-12-22,4,21
694,Hoyt,Fend,1910-12-23,2,48
695,Walton,Lyddyard,1932-10-08,4,14
696,Filberto,Paddemore,1978-10-29,5,17
697,Monroe,FitzGilbert,1941-06-15,6,2
698,Nariko,Iacovaccio,1935-06-11,1,9
699,Waring,Berridge,1919-08-27,6,36
700,Aeriell,Mathan,1998-07-02,1,4
701,Vikki,Bampforth,1953-12-26,2,2
702,Susana,Larmor,1923-02-15,3,47
703,Barby,McManus,2007-05-04,3,28
704,Ray,Frany,1970-05-28,5,9
705,Stefania,Faber,1943-12-19,4,49
706,Ondrea,Armit,1939-02-19,4,12
707,Bruce,Summerill,2003-12-28,5,15
708,Stephie,Singyard,1901-11-23,4,25
709,Emera,Dmych,1971-01-02,2,36
710,Englebert,Gawne,1983-01-14,4,8
711,Zsa zsa,Skahill,1940-08-10,3,29
712,Sabrina,Empringham,1960-12-14,6,50
713,Natala,Selbie,1957-04-27,5,47
714,Reece,Daintier,1923-05-03,6,46
715,Bobbee,Gartland,2003-02-19,3,30
716,Derrek,McVey,1982-09-07,6,14
717,Jessalyn,Stickney,1945-05-14,4,26
718,Mikol,Geroldini,1908-01-22,5,3
719,Sylas,Baythrop,1905-10-29,5,3
720,Robenia,Hadaway,2006-09-05,3,14
721,Darrick,Longden,1918-01-16,1,9
722,Latashia,Hearnaman,1952-08-04,5,41
723,Johny,Barnwell,1917-11-05,6,8
724,Francyne,Noore,1977-10-25,2,13
725,Griffy,O'Kenny,1928-11-06,4,10
726,Herman,Jerratsch,1921-05-10,5,25
727,Averill,Cheine,1965-02-26,4,14
728,Lauri,Darrow,1992-05-16,3,11
729,Janot,Manford,1931-02-06,5,47
730,Charlot,Mongeot,1979-09-29,3,24
731,Maynord,Graver,1962-02-01,6,26
732,Lorrie,Carlsen,1910-01-17,4,40
733,Bernita,McMoyer,1962-06-06,3,5
734,Gavrielle,Songist,1939-01-24,6,50
735,Igor,Drummond,1909-01-25,6,18
736,Jud,Darracott,1941-05-12,2,24
737,Rosella,Jeannaud,1961-09-09,5,16
738,Germaine,Trinder,1939-12-05,3,39
739,Sheelah,Cavie,1909-05-04,2,15
740,Lionel,Rupp,1938-02-19,3,38
741,Hatti,Hooke,1980-06-30,6,26
742,Arlan,Bunny,1903-08-20,4,44
743,Reinald,Tetford,1996-06-17,5,46
744,Isadora,Hallstone,1900-12-29,4,17
745,Bethena,Hackelton,1921-11-13,5,19
746,Clemence,Riguard,1920-02-25,5,35
747,Lilia,Lowde,1914-06-26,4,50
748,Katharyn,Oxby,2003-06-05,2,50
749,Milly,Scogings,1986-12-07,2,13
750,Britt,Skase,2003-09-15,1,34
751,Barnard,Grestye,1912-10-04,2,17
752,Bell,Balog,1972-11-26,5,10
753,Corissa,Partkya,1970-07-09,3,44
754,Lodovico,Calderonello,1929-05-09,2,12
755,Dianne,MacFadyen,1912-03-10,2,9
756,Dillon,Albany,2001-11-03,5,10
757,Mireille,Radmore,1989-12-31,3,46
758,Arvie,Collum,1928-11-23,4,31
759,Humfried,Weldrake,1991-02-16,1,49
760,Venus,Leare,1950-01-27,1,36
761,Frants,Fleeming,1934-12-31,6,47
762,Lyssa,Dummett,1934-02-03,5,26
763,Tallulah,Law,1990-04-11,5,16
764,Mel,Bransgrove,1905-03-23,4,29
765,Fancie,Hamblen,1981-02-22,3,34
766,Enriqueta,Buxey,1945-01-23,4,23
767,Erastus,Mackleden,1900-02-17,1,21
768,Vittoria,Pratley,1963-05-13,6,33
769,Freeland,Muston,1965-07-12,4,27
770,Remy,Honeywood,1962-11-17,5,3
771,Drugi,Casale,1958-08-23,6,37
772,Mickie,Margram,1980-03-29,6,25
773,Amandi,Krates,1929-07-21,6,30
774,Aileen,Woofendell,1957-11-19,3,31
775,Dorris,O'Dowd,1916-07-05,6,12
776,Kimberlyn,Ranaghan,2005-05-23,4,14
777,Rikki,Cuerdall,1982-03-18,2,7
778,Diane,Solleme,2006-07-23,2,33
779,Esmeralda,Salvadori,1983-05-05,2,38
780,Marvin,Kennford,1994-02-16,6,21
781,Gabie,Shelford,1963-07-30,4,16
782,Marylin,Atte-Stone,1916-10-06,1,36
783,Ines,Elsley,1960-01-31,3,11
784,Mason,Castle,1923-08-25,1,49
785,Maddalena,McGillivray,1965-06-02,6,44
786,Nestor,Speck,2006-02-12,5,11
787,Ferdinanda,Blodg,1986-12-19,6,4
788,Henry,Combe,1997-05-30,2,35
789,Constance,Berick,1966-06-12,4,33
790,Rhianna,Hauch,1945-06-03,5,15
791,Brenn,Franklen,1957-04-18,6,43
792,Hans,Eastbrook,1955-10-15,2,6
793,Amandi,Camsey,1934-05-20,6,35
794,Talia,Szymanski,1948-05-20,4,35
795,Alexa,Coling,1904-10-31,6,13
796,Bridget,Juschke,1971-11-30,2,19
797,Aurelie,Daynter,1992-06-05,5,8
798,Skipton,Gilberthorpe,1967-01-04,3,40
799,Germaine,Mengue,1963-12-03,4,20
800,Dolly,Raatz,1914-05-22,2,31
801,Electra,Servis,1943-12-02,2,15
802,Thatcher,Tingley,1941-03-20,3,25
803,Pietra,Scholte,1926-02-12,5,37
804,Pincus,Frango,1959-02-23,1,48
805,Lonnard,Chaddock,2006-12-30,3,50
806,Lynnet,Ditchburn,1973-05-27,2,16
807,Ettie,Oels,1984-07-20,3,3
808,Norton,Switland,1915-06-10,1,9
809,Nahum,De Avenell,1933-09-05,1,42
810,Konstanze,Ellerington,1968-11-08,2,18
811,Ann-marie,Bemment,1939-12-06,6,26
812,Rollin,Janman,1906-09-15,1,8
813,Clarke,Ondrus,1912-03-21,1,27
814,Hervey,Chesworth,1914-10-07,3,19
815,Sosanna,Weldrick,1928-11-29,1,12
816,Codi,Veart,1958-06-06,3,21
817,Meryl,Medforth,1970-07-30,3,35
818,Alvis,Southcombe,1937-09-10,6,15
819,Gert,Bolte,1930-09-24,5,43
820,George,Fifoot,1928-07-21,5,14
821,Dorotea,Trayte,1953-03-30,4,7
822,Nixie,Outerbridge,1920-04-04,3,12
823,Kerwinn,McIndrew,1917-06-10,4,5
824,Clem,Hince,1979-01-04,4,46
825,Gavin,Dairton,1978-04-20,6,25
826,Gunter,Hubeaux,1988-09-21,6,28
827,Johnathan,Lapenna,1929-08-19,6,34
828,Ewell,Kilfeder,1973-02-10,5,48
829,Ettore,Dickings,2005-01-17,1,38
830,Gaelan,Deluze,1987-09-14,1,32
831,Pepita,Wapol,1900-12-20,6,14
832,Tom,Rowdell,1975-02-24,6,20
833,Antonio,Gwioneth,1970-09-13,6,25
834,Anetta,Ginnane,1949-02-17,1,35
835,Annamaria,Baillie,1983-07-17,6,19
836,Sky,Armsby,1972-10-24,2,50
837,Wayland,Oliphand,1912-06-29,1,37
838,Kaylyn,Luchetti,1963-06-10,1,30
839,Silas,Freear,2003-08-07,5,14
840,Cairistiona,Collop,1974-09-22,2,35
841,Vally,Gleaves,1913-07-15,5,17
842,Bax,Sallis,1990-04-12,1,14
843,Hamel,Moine,1943-12-20,5,30
844,Cherin,Diggins,1996-11-23,4,45
845,Coralyn,Vyvyan,1955-01-06,6,16
846,Madelena,Quinton,1922-02-04,3,5
847,Merrilee,Mauvin,1942-10-24,5,4
848,Lorry,Leynagh,1900-11-09,4,45
849,Thedrick,Tremoulet,1972-04-16,4,49
850,Lucky,Mirfield,1901-09-07,5,44
851,Elmore,Doonican,1978-08-29,2,6
852,Collette,Gapper,1912-10-04,4,2
853,Leah,Wyvill,1927-11-27,4,41
854,Myra,Fripps,1940-01-02,1,20
855,Dale,Stove,2004-05-14,1,31
856,Gabriele,Flockhart,1922-01-13,6,41
857,Rorke,Minton,1926-09-23,6,9
858,Cad,Dwight,1951-07-28,3,42
859,Zebedee,Ryce,1962-09-08,4,39
860,Urbain,Causby,1949-01-26,6,28
861,Berri,Lengthorn,1911-01-12,6,20
862,Koral,Munro,1971-08-14,4,30
863,Jacquelin,Chamberlen,2002-06-09,2,23
864,Had,Redferne,1905-11-04,2,15
865,Opalina,Flageul,1973-10-16,3,43
866,Donella,Kerans,1929-05-29,2,11
867,Eveleen,Ferrier,1931-11-07,3,44
868,Harman,Pyer,1961-06-10,2,14
869,Adelle,Tuffrey,1915-10-28,1,3
870,Eadith,Johnigan,1939-04-01,3,50
871,Tabor,Whiles,1902-10-21,3,25
872,Kalil,Thackham,1966-05-17,1,7
873,Torre,Mattedi,1970-07-07,6,21
874,Marten,Castledine,2007-01-06,5,2
875,Bearnard,Cowling,1905-08-02,2,40
876,Ruthe,Savage,1913-01-27,2,5
877,Mord,Bartos,1988-07-11,6,31
878,Leupold,Boffin,1972-04-04,6,46
879,Cindy,Quaif,1903-07-08,4,22
880,Berty,Bogays,1912-04-24,6,50
881,Roarke,Simao,1919-08-02,2,15
882,Waylon,Dorman,1970-07-07,6,11
883,Davide,Rojahn,1982-08-18,3,41
884,Francklin,Capelen,1977-03-21,6,14
885,Sarene,Eouzan,1930-04-09,2,21
886,Cele,Tennet,1909-02-14,1,3
887,Pearline,Kippie,1916-09-08,3,3
888,Alain,Grangier,1972-04-12,4,6
889,Kermit,Webland,1966-08-29,1,20
890,Pearla,Maher,1958-08-26,4,7
891,Haskel,Rees,1971-02-18,6,48
892,Jolie,Harrington,1954-04-23,5,32
893,Carmita,Elacoate,1980-10-14,3,49
894,Ragnar,Westcott,1902-02-01,3,19
895,Quintus,Lumpkin,1977-01-29,2,18
896,Corette,Haddy,1979-09-13,5,3
897,Bengt,Merwe,1911-09-29,1,43
898,Annalee,Diboll,1926-01-13,1,34
899,Pavia,Ecclestone,1948-03-30,6,18
900,Shurlocke,Slad,2003-12-09,2,37
901,Lanny,Coultous,1964-04-29,3,25
902,Brodie,Kitchenside,1964-07-19,6,19
903,Dix,Ogglebie,1940-01-11,6,49
904,Bendite,Ciciotti,1948-09-07,6,30
905,Morgun,A'field,1934-10-18,1,16
906,Meriel,Skatcher,1959-09-03,4,3
907,Tim,Kornyshev,1962-12-06,3,49
908,Grenville,Bragger,1956-09-10,4,36
909,Urban,Tireman,1977-09-02,6,7
910,Ruth,Luto,1916-08-27,3,9
911,Teodoro,Barhems,1942-03-26,4,27
912,Mattie,Younghusband,1945-12-24,1,19
913,Cole,Gloster,1934-04-13,5,49
914,Merrick,Murie,1914-03-31,3,15
915,Ardath,Ianelli,1989-11-11,5,50
916,Say,McCallion,1920-09-30,2,22
917,Jackquelin,Ickovitz,2004-09-11,1,39
918,Richy,Von Salzberg,1959-07-19,6,50
919,Pammy,Crebo,1903-09-17,5,44
920,Natalya,Hallowes,1985-04-02,2,32
921,Cletus,Waldren,1983-03-10,6,18
922,Sarena,Jeakins,1926-05-15,2,10
923,Perla,Bringloe,1937-10-23,3,25
924,Vlad,Cheltnam,1946-11-15,5,18
925,Christian,Lambregts,1998-05-22,1,29
926,Truman,Yedy,1966-07-15,4,23
927,Shaina,Douthwaite,1924-04-20,1,49
928,Chandal,Lennard,1912-12-22,1,44
929,Marlo,Amos,1919-05-29,6,25
930,Kerwin,Schurig,1910-12-08,5,37
931,Madelon,Blacket,1932-02-06,1,30
932,Amabel,Millthorpe,1940-12-10,6,21
933,Josepha,Morin,1914-12-07,2,39
934,Krishnah,Bengle,1967-04-24,4,30
935,Solomon,Iacobassi,1908-07-23,3,15
936,Alan,Tremaine,1933-05-25,5,9
937,Gonzalo,Withers,1929-05-11,4,28
938,Aurthur,Trevers,1992-03-13,1,22
939,Damian,Gregan,1922-08-25,1,32
940,Heather,Luppitt,1936-02-20,5,49
941,Jaime,Bingham,1902-10-10,2,31
942,Dayna,Ruberry,1976-01-26,5,42
943,Gilberte,Morrow,1937-10-25,6,14
944,Hamilton,Walton,1998-02-17,2,13
945,Dean,Arcase,1913-09-07,4,16
946,Moshe,Gravatt,1976-07-10,1,5
947,Deanna,Greer,1980-08-31,4,12
948,Nappie,Lernihan,1929-12-28,1,15
949,Bee,Motton,1920-11-28,3,14
950,Matthiew,Tann,1983-03-14,2,44
951,Laural,Leeke,1994-04-24,6,40
952,Glynda,Gerardet,2002-09-01,4,44
953,Rafael,Midghall,1929-03-18,6,32
954,Bale,McConnachie,1976-03-27,6,33
955,Averell,Nesby,1904-09-17,4,2
956,Germayne,Diboll,1958-12-02,2,32
957,Clerc,Eayres,1928-02-11,1,13
958,Madel,Leynton,1959-03-14,2,19
959,Elroy,Dominetti,1919-01-26,2,8
960,Gertrude,Dehn,1977-09-02,5,13
961,Carroll,Moyser,1975-02-12,4,42
962,Anton,Skipping,1998-02-02,3,38
963,Maximo,Althorp,1956-11-28,4,30
964,Jodee,McGourty,1964-12-17,3,50
965,Jonathon,Fansy,1968-01-02,5,13
966,Sam,Rilton,1929-08-20,3,47
967,Allin,Baus,2007-03-02,3,37
968,Clemence,Frondt,1948-09-22,6,8
969,Joya,Moulden,1946-12-17,5,5
970,Nevsa,Piggin,1904-12-08,4,12
971,Wilton,Perris,1988-12-15,3,46
972,Zacharias,Scorah,1966-06-06,2,10
973,Claribel,Cawthorne,1946-01-13,5,14
974,Corey,Druhan,1992-02-28,3,16
975,Blanch,Coulthard,2003-02-01,3,16
976,Hill,Moggle,1999-09-04,3,43
977,Filia,Richfield,1925-01-07,3,40
978,Orland,Depke,1955-11-23,2,23
979,Merrile,Arangy,2007-03-27,5,15
980,Gisele,Sheryne,1933-08-31,2,13
981,Aile,Caswell,1966-06-24,5,17
982,Ferdie,Groves,1987-11-21,2,3
983,Dannye,Aisthorpe,1983-12-29,2,34
984,Allard,Wetherhead,2000-09-23,3,20
985,Cristine,Scottesmoor,1986-05-31,4,3
986,Russ,Kealy,1907-03-05,1,25
987,Nichole,Duffus,1900-12-30,5,49
988,Cynthia,Laise,2007-11-16,3,15
989,Ronna,Springer,1901-11-08,4,18
990,Carrissa,Boughen,1997-07-14,2,32
991,Sara-ann,Cardus,1903-05-02,3,23
992,Raven,Lockery,1982-03-31,3,7
993,Gardy,Huske,1925-06-15,3,48
994,Sabrina,Derx,1958-02-15,4,45
995,Ralina,Duckett,1974-03-03,4,34
996,Abbi,Whibley,1917-06-01,3,29
997,Clay,Stitt,1941-11-26,1,9
998,Edmund,Yankishin,1955-06-28,1,24
999,Aubine,McNiven,1913-03-07,2,9
1000,Dniren,Mendenhall,1994-04-07,2,29
